PENJUALAN,,,,,UANG MASUK,,,,
Kata Kata Quinos,Kode Accurate,Outlet,Kredit/Debit,,Kata Kata Quinos,Kode Accurate,Outlet,Kredit/Debit,
Sales per Department - Bar,4000.01.02,4.BSD,Kredit,,,,,,
Sales per Department - Bar,4000.01.02,2.LPZ,Kredit,,,,,,
Sales per Department - Bar,4000.01.02,5.MKG,Kredit,,Payment Method - CASH,1000.01.04,4.BSD,Kredit,
Sales per Department - Bar,4000.01.02,6.SMB,Kredit,,Payment Method - CASH,1000.01.02,2.LPZ,Kredit,
Sales per Department - Bar,4000.01.02,7.SMB Gold Lounge,Kredit,,Payment Method - CASH,1000.01.05,5.MKG,Kredit,
Sales per Department - Bar,4000.01.02,3.SMS,Kredit,,Payment Method - CASH,1000.01.06,6.SMB,Kredit,
Sales per Department - Bar,4000.01.02,8.SCBD,Kredit,,Payment Method - CASH,1000.01.08,8.SCBD,Kredit,
Sales per Department - Bundling Kitchen and Bar,4000.01.01,4.BSD,Kredit,,Payment Method - CASH,1000.01.07,7.SMB Gold Lounge,Kredit,
Sales per Department - Bundling Kitchen and Bar,4000.01.01,2.LPZ,Kredit,,Payment Method - CASH,1000.01.03,3.SMS,Kredit,
Sales per Department - Bundling Kitchen and Bar,4000.01.01,5.MKG,Kredit,,Payment Method - CREDIT BCA,1000.02.04.02,4.BSD,Kredit,
Sales per Department - Bundling Kitchen and Bar,4000.01.01,6.SMB,Kredit,,Payment Method - CREDIT BCA,1000.02.02.02,2.LPZ,Kredit,
Sales per Department - Bundling Kitchen and Bar,4000.01.01,7.SMB Gold Lounge,Kredit,,Payment Method - CREDIT BCA,1000.02.05.02,5.MKG,Kredit,
Sales per Department - Bundling Kitchen and Bar,4000.01.01,3.SMS,Kredit,,Payment Method - CREDIT BCA,1000.02.06.02,6.SMB,Kredit,
Sales per Department - Bundling Kitchen and Bar,4000.01.01,8.SCBD,Kredit,,Payment Method - CREDIT BCA,1000.02.07.02,7.SMB Gold Lounge,Kredit,
Sales per Department - Coffee Beans,4000.01.03,4.BSD,Kredit,,Payment Method - CREDIT BCA,1000.02.03.02,3.SMS,Kredit,
Sales per Department - Coffee Beans,4000.01.03,2.LPZ,Kredit,,Payment Method - CREDIT BCA,1000.02.08.02,8.SCBD,Kredit,
Sales per Department - Coffee Beans,4000.01.03,5.MKG,Kredit,,Payment Method - DEBIT,1000.02.04.02,4.BSD,Kredit,
Sales per Department - Coffee Beans,4000.01.03,6.SMB,Kredit,,Payment Method - DEBIT,1000.02.02.02,2.LPZ,Kredit,
Sales per Department - Coffee Beans,4000.01.03,7.SMB Gold Lounge,Kredit,,Payment Method - DEBIT,1000.02.05.02,5.MKG,Kredit,
Sales per Department - Coffee Beans,4000.01.03,3.SMS,Kredit,,Payment Method - DEBIT,1000.02.06.02,6.SMB,Kredit,
Sales per Department - Coffee Beans,4000.01.03,8.SCBD,Kredit,,Payment Method - DEBIT,1000.02.07.02,7.SMB Gold Lounge,Kredit,
Sales per Department - Inventory,4000.01.04,4.BSD,Kredit,,Payment Method - DEBIT,1000.02.03.02,3.SMS,Kredit,
Sales per Department - Inventory,4000.01.04,2.LPZ,Kredit,,Payment Method - DEBIT,1000.02.08.02,8.SCBD,Kredit,
Sales per Department - Inventory,4000.01.04,5.MKG,Kredit,,Payment Method - DEBIT BCA,1000.02.04.02,4.BSD,Kredit,
Sales per Department - Inventory,4000.01.04,6.SMB,Kredit,,Payment Method - DEBIT BCA,1000.02.02.02,2.LPZ,Kredit,
Sales per Department - Inventory,4000.01.04,7.SMB Gold Lounge,Kredit,,Payment Method - DEBIT BCA,1000.02.05.02,5.MKG,Kredit,
Sales per Department - Inventory,4000.01.04,3.SMS,Kredit,,Payment Method - DEBIT BCA,1000.02.06.02,6.SMB,Kredit,
Sales per Department - Inventory,4000.01.04,8.SCBD,Kredit,,Payment Method - DEBIT BCA,1000.02.07.02,7.SMB Gold Lounge,Kredit,
Sales per Department - Kitchen,4000.01.01,4.BSD,Kredit,,Payment Method - DEBIT BCA,1000.02.03.02,3.SMS,Kredit,
Sales per Department - Kitchen,4000.01.01,2.LPZ,Kredit,,Payment Method - DEBIT BCA,1000.02.08.02,8.SCBD,Kredit,
Sales per Department - Kitchen,4000.01.01,5.MKG,Kredit,,,,,,
Sales per Department - Kitchen,4000.01.01,6.SMB,Kredit,,Payment Method - GOBIZ,1100.02.04,4.BSD,Kredit,
Sales per Department - Kitchen,4000.01.01,7.SMB Gold Lounge,Kredit,,Payment Method - GOBIZ,1100.02.02,2.LPZ,Kredit,
Sales per Department - Kitchen,4000.01.01,3.SMS,Kredit,,Payment Method - GOBIZ,1100.02.05,5.MKG,Kredit,
Sales per Department - Kitchen,4000.01.01,8.SCBD,Kredit,,Payment Method - GOBIZ,1100.02.06,6.SMB,Kredit,
Sales per Department - Konsinyasi,4000.01.05,4.BSD,Kredit,,Payment Method - GOBIZ,1100.02.07,7.SMB Gold Lounge,Kredit,
Sales per Department - Konsinyasi,4000.01.05,2.LPZ,Kredit,,Payment Method - GOBIZ,1100.02.03,3.SMS,Kredit,
Sales per Department - Konsinyasi,4000.01.05,5.MKG,Kredit,,Payment Method - GOBIZ,1100.02.08,8.SCBD,Kredit,
Sales per Department - Konsinyasi,4000.01.05,6.SMB,Kredit,,Payment Method - OVO,1100.03.04,4.BSD,Kredit,
Sales per Department - Konsinyasi,4000.01.05,7.SMB Gold Lounge,Kredit,,Payment Method - OVO, 1100.03.02,2.LPZ,Kredit,
Sales per Department - Konsinyasi,4000.01.05,3.SMS,Kredit,,Payment Method - OVO,1100.03.05,5.MKG,Kredit,
Sales per Department - Konsinyasi,4000.01.05,8.SCBD,Kredit,,Payment Method - OVO,1100.03.06,6.SMB,Kredit,
Sales per Department - Konsiyasi No Brand,4000.01.05,4.BSD,Kredit,,Payment Method - OVO,1100.03.07,7.SMB Gold Lounge,Kredit,
Sales per Department - Konsiyasi No Brand,4000.01.05,2.LPZ,Kredit,,Payment Method - OVO,1100.03.03,3.SMS,Kredit,
Sales per Department - Konsiyasi No Brand,4000.01.05,5.MKG,Kredit,,Payment Method - OVO,1100.03.08,8.SCBD,Kredit,
Sales per Department - Konsiyasi No Brand,4000.01.05,6.SMB,Kredit,,Payment Method - QRIS,1000.02.04.02,4.BSD,Kredit,
Sales per Department - Konsiyasi No Brand,4000.01.05,7.SMB Gold Lounge,Kredit,,Payment Method - QRIS,1000.02.02.02,2.LPZ,Kredit,
Sales per Department - Konsiyasi No Brand,4000.01.05,3.SMS,Kredit,,Payment Method - QRIS,1000.02.05.02,5.MKG,Kredit,
Sales per Department - Modifier,4000.01.02,4.BSD,Kredit,,Payment Method - QRIS,1000.02.06.02,6.SMB,Kredit,
Sales per Department - Modifier,4000.01.02,2.LPZ,Kredit,,Payment Method - QRIS,1000.02.07.02,7.SMB Gold Lounge,Kredit,
Sales per Department - Modifier,4000.01.02,5.MKG,Kredit,,Payment Method - QRIS,1000.02.03.02,3.SMS,Kredit,
Sales per Department - Modifier,4000.01.02,8.SCBD,Kredit,,Payment Method - QRIS,1000.02.08.02,8.SCBD,Kredit,
Sales per Department - Modifier,4000.01.02,6.SMB,Kredit,,(Uang masuk menurut Settlement BCA),1000.02.04.01,4.BSD,Debit,
Sales per Department - Modifier,4000.01.02,7.SMB Gold Lounge,Kredit,,(Uang masuk menurut Settlement BCA),1000.02.02.01,2.LPZ,Debit,
Sales per Department - Modifier,4000.01.02,3.SMS,Kredit,,(Uang masuk menurut Settlement BCA),1000.02.05.01,5.MKG,Debit,
Payment Method - Academy 100 Vouc,4000.96.02,ALL,Debit,,(Uang masuk menurut Settlement BCA),1000.02.07.01,6.SMB,Debit,
Payment Method - Academy 50 Vouch,4000.96.03,ALL,Debit,,(Uang masuk menurut Settlement BCA),1000.02.07.01,7.SMB Gold Lounge,Debit,
Payment Method - Go Dine In Vou, 4000.96.15,ALL,Debit,,(Uang masuk menurut Settlement BCA),1000.02.03.01,3.SMS,Debit,
Payment Method - CL UPPERWEST,1100.12,4.BSD,Debit,,(Uang masuk menurut Settlement BCA),1000.02.08.01,8.SCBD,Debit,
Payment Method - STRADA + REWARD,4000.96.04,ALL,Debit,,Admin merchant,6000.01.36,ALL,Debit,
Payment Method - Strada+ Gift Vou,4000.96.05,ALL,Debit,,Admin bank,6000.01.08,ALL,Debit,
Payment Method - TRANSFER,1000.02.04.01,4.BSD,Debit,,Biaya Pembulatan,7200.02,ALL,Debit,
Payment Method - TRANSFER,1000.02.02.01,2.LPZ,Debit,,Pendapatan Lain-lain,4000.90,ALL,Debit jika kurang bayar,Kredit jika lebih bayar
Payment Method - TRANSFER,1000.02.05.01,5.MKG,Debit,,,,,,
Payment Method - TRANSFER,1000.02.07.01,6.SMB,Debit,,,,,,
Payment Method - TRANSFER,1000.02.07.01,7.SMB Gold Lounge,Debit,,,,,,
Payment Method - TRANSFER,1000.02.03.01,3.SMS,Debit,,,,,,
Payment Method - TRANSFER,1000.02.08.01,8.SCBD,Debit,,,,,,
Payment Method - Voucher CKT 50.0,4000.96.09,ALL,Debit,,,,,,
Payment Method - Voucher Florist,4000.96.14,ALL,Debit,,,,,,
Payment Method - Voucher Harris P,2002.01.01,ALL,Debit,,,,,,
Payment Method - Voucher JustYoga,4000.96.10,ALL,Debit,,,,,,
Payment Method - Voucher Padel Sp,4000.96.16,ALL,Debit,,,,,,
Payment Method - Voucher SMKG,2002.01.02,5.MKG,Debit,,,,,,
Payment Method - Voucher Timezone,4000.96.11,ALL,Debit,,,,,,
Payment Method - Voucher Workshop,4000.96.12,ALL,Debit,,,,,,
Payment Method - Voucher 50 SMB,2002.01.03,ALL,Debit,,,,,,
Payment Method - BSD Workshop Vou,4000.96.06,4.BSD,Debit,,,,,,
Payment Method - Voucher Bogo,4000.96.07,ALL,Debit,,,,,,
Payment Method - Voucher Chope,4000.96.08,ALL,Debit,,,,,,
Payment Method - Voucher Telkomsel,4000.96.17,ALL,Debit,,,,,,
Payment Method - Workshop SMS Vou,4000.96.13,3.SMS,Debit,,,,,,
Revenue - Discount,4000.91,4.BSD,Debit,,,,,,
Revenue - Discount,4000.91,2.LPZ,Debit,,,,,,
Revenue - Discount,4000.91,5.MKG,Debit,,,,,,
Revenue - Discount,4000.91,6.SMB,Debit,,,,,,
Revenue - Discount,4000.91,7.SMB Gold Lounge,Debit,,,,,,
Revenue - Discount,4000.91,3.SMS,Debit,,,,,,
Revenue - Discount,4000.91,8.SCBD,Debit,,,,,,
Revenue - Service Charge,2001.03.04,4.BSD,Kredit,,,,,,
Revenue - Service Charge,2001.03.02,2.LPZ,Kredit,,,,,,
Revenue - Service Charge,2001.03.05,5.MKG,Kredit,,,,,,
Revenue - Service Charge,2001.03.06,6.SMB,Kredit,,,,,,
Revenue - Service Charge,2001.03.07,7.SMB Gold Lounge,Kredit,,,,,,
Revenue - Service Charge,2001.03.03,3.SMS,Kredit,,,,,,
Revenue - Service Charge,2001.03.08,8.SCBD,Kredit,,,,,,
Revenue - Tax,2002.03.02.04,4.BSD,Kredit,,,,,,
Revenue - Tax,2002.03.02.01,2.LPZ,Kredit,,,,,,
Revenue - Tax,2002.03.02.05,5.MKG,Kredit,,,,,,
Revenue - Tax,2002.03.02.06,6.SMB,Kredit,,,,,,
Revenue - Tax,2002.03.02.07,7.SMB Gold Lounge,Kredit,,,,,,
Revenue - Tax,2002.03.02.03,3.SMS,Kredit,,,,,,
Revenue - Tax,2002.03.02.08,8.SCBD,Kredit,,,,,,
Payment Method - CASH,1000.01.04,4.BSD,Debit,,,,,,
Payment Method - CASH,1000.01.02,2.LPZ,Debit,,,,,,
Payment Method - CASH,1000.01.05,5.MKG,Debit,,,,,,
Payment Method - CASH,1000.01.06,6.SMB,Debit,,,,,,
Payment Method - CASH,1000.01.08,7.SMB Gold Lounge,Debit,,,,,,
Payment Method - CASH,1000.01.07,3.SMS,Debit,,,,,,
Payment Method - CASH,1000.01.03,8.SCBD,Kredit,,,,,,
Payment Method - CREDIT BCA,1000.02.04.02,4.BSD,Debit,,,,,,
Payment Method - CREDIT BCA,1000.02.02.02,2.LPZ,Debit,,,,,,
Payment Method - CREDIT BCA,1000.02.05.02,5.MKG,Debit,,,,,,
Payment Method - CREDIT BCA,1000.02.06.02,6.SMB,Debit,,,,,,
Payment Method - CREDIT BCA,1000.02.07.02,7.SMB Gold Lounge,Debit,,,,,,
Payment Method - CREDIT BCA,1000.02.03.02,3.SMS,Debit,,,,,,
Payment Method - CREDIT BCA,1000.02.08.02,8.SCBD,Debit,,,,,,
Payment Method - DEBIT,1000.02.04.02,4.BSD,Debit,,,,,,
Payment Method - DEBIT,1000.02.02.02,2.LPZ,Debit,,,,,,
Payment Method - DEBIT,1000.02.05.02,5.MKG,Debit,,,,,,
Payment Method - DEBIT,1000.02.06.02,6.SMB,Debit,,,,,,
Payment Method - DEBIT,1000.02.07.02,7.SMB Gold Lounge,Debit,,,,,,
Payment Method - DEBIT,1000.02.03.02,3.SMS,Debit,,,,,,
Payment Method - DEBIT,1000.02.08.02,8.SCBD,Debit,,,,,,
Payment Method - DEBIT BCA,1000.02.04.02,4.BSD,Debit,,,,,,
Payment Method - DEBIT BCA,1000.02.02.02,2.LPZ,Debit,,,,,,
Payment Method - DEBIT BCA,1000.02.05.02,5.MKG,Debit,,,,,,
Payment Method - DEBIT BCA,1000.02.06.02,6.SMB,Debit,,,,,,
Payment Method - DEBIT BCA,1000.02.07.02,7.SMB Gold Lounge,Debit,,,,,,
Payment Method - DEBIT BCA,1000.02.03.02,3.SMS,Debit,,,,,,
Payment Method - DEBIT BCA,1000.02.08.02,8.SCBD,Debit,,,,,,
Payment Method - GOBIZ,1100.02.04,4.BSD,Debit,,,,,,
Payment Method - GOBIZ,1100.02.02,2.LPZ,Debit,,,,,,
Payment Method - GOBIZ,1100.02.05,5.MKG,Debit,,,,,,
Payment Method - GOBIZ,1100.02.06,6.SMB,Debit,,,,,,
Payment Method - GOBIZ,1100.02.07,7.SMB Gold Lounge,Debit,,,,,,
Payment Method - GOBIZ,1100.02.03,3.SMS,Debit,,,,,,
Payment Method - GOBIZ,1100.02.08,8.SCBD,Debit,,,,,,
Payment Method - OVO,1100.03.04,4.BSD,Debit,,,,,,
Payment Method - OVO, 1100.03.02,2.LPZ,Debit,,,,,,
Payment Method - OVO,1100.03.05,5.MKG,Debit,,,,,,
Payment Method - OVO,1100.03.06,6.SMB,Debit,,,,,,
Payment Method - OVO,1100.03.07,7.SMB Gold Lounge,Debit,,,,,,
Payment Method - OVO,1100.03.03,3.SMS,Debit,,,,,,
Payment Method - OVO,1100.03.08,8.SCBD,Debit,,,,,,
Payment Method - QRIS,1000.02.04.02,4.BSD,Debit,,,,,,
Payment Method - QRIS,1000.02.02.02,2.LPZ,Debit,,,,,,
Payment Method - QRIS,1000.02.05.02,5.MKG,Debit,,,,,,
Payment Method - QRIS,1000.02.06.02,6.SMB,Debit,,,,,,
Payment Method - QRIS,1000.02.07.02,7.SMB Gold Lounge,Debit,,,,,,
Payment Method - QRIS,1000.02.03.02,3.SMS,Debit,,,,,,
Payment Method - QRIS,1000.02.08.02,8.SCBD,Debit,,,,,,