Tanggal,Toko,Penjualan Ada,Uang Masuk Ada,Total Quinos Gross (Dari Accurate),Total Mutasi Bank (Dari Accurate),Biaya Admin Bank,Biaya Merchant
2002-10-31,MKG,N,Y,0,1372325.72,11799.28,0
2024-12-31,LA.PIAZZA,N,Y,0,65924342.72,590722.28,51800
2024-12-31,MKG,N,Y,0,2282928.42,18246.58,0
2025-01-01,LA.PIAZZA,Y,N,25720345,0,0,0
2025-01-01,MKG,Y,Y,2595690,2574773.06,20916.94,0
2025-01-02,LA.PIAZZA,Y,Y,18552775,18300263.58,176511.42,76000
2025-01-02,MKG,Y,Y,705822,700725.34,5096.66,0
2025-01-03,LA.PIAZZA,Y,Y,21952855,10664627.89,72365.11,94682
2025-01-03,MKG,Y,Y,1636727,1621607.57,9419.43,0
2025-01-04,LA.PIAZZA,Y,Y,33111470,42693282.73,1142392.27,80720
2025-01-04,MKG,Y,Y,1745205,1732844.12,12360.88,0
2025-01-05,LA.PIAZZA,Y,Y,16904380,16670093.34,184836.66,18700
2025-01-05,MKG,Y,Y,1688805,1674765.6,14039.4,0
2025-01-06,LA.PIAZZA,Y,Y,10685060,10470599.76,140485.24,22000
2025-01-06,MKG,Y,Y,565040,559539.24,5500.76,0
2025-01-07,LA.PIAZZA,Y,Y,10562500,10301495.95,80404.05,180600
2025-01-07,MKG,Y,Y,494340,490198.68,4141.32,0
2025-01-08,LA.PIAZZA,Y,Y,16976855,16494425.15,182744.85,28820
2025-01-08,MKG,Y,Y,713475,707805.5,5669.5,0
2025-01-09,LA.PIAZZA,Y,Y,18290480,18074873.17,171966.83,43640
2025-01-09,MKG,Y,Y,681195,675105.13,6089.87,0
2025-01-10,LA.PIAZZA,Y,Y,20692145,20346288.93,189056.07,156800
2025-01-10,MKG,Y,Y,1277430,1271003.59,6426.41,0
2025-01-11,LA.PIAZZA,Y,Y,28234055,27566222.82,291247.18,44840
2025-01-11,MKG,Y,Y,2840110,2816891.16,23218.84,0
2025-01-12,LA.PIAZZA,Y,Y,27323485,26860540.06,287104.94,75840
2025-01-12,MKG,Y,Y,1542120,1531422.69,10697.31,0
2025-01-13,LA.PIAZZA,Y,Y,12726120,12518676.11,106078.89,60940
2025-01-13,MKG,Y,Y,1047585,1145189.22,9810.78,0
2025-01-14,LA.PIAZZA,Y,Y,10428970,10225347.43,107722.57,20900
2025-01-14,MKG,Y,N,107415,0,0,0
2025-01-15,LA.PIAZZA,Y,Y,13491030,13277132.05,126087.95,84660
2025-01-15,MKG,Y,Y,1266540,1256799.96,9740.04,0
2025-01-16,LA.PIAZZA,Y,Y,15465345,15130218.62,191861.38,21340
2025-01-16,MKG,Y,Y,938117,910470.07,6946.93,0
2025-01-17,LA.PIAZZA,Y,Y,14593635,14311185.58,136084.42,45880
2025-01-17,MKG,Y,Y,1410000,1397824.63,12175.37,0
2025-01-18,LA.PIAZZA,Y,Y,31725880,31241471.55,277108.45,57300
2025-01-18,MKG,Y,Y,3775470,3742467.82,33002.18,0
2025-01-19,LA.PIAZZA,Y,Y,25895755,25490853.99,232009.01,88242
2025-01-19,MKG,Y,Y,3321015,3295925.21,25089.79,0
2025-01-20,LA.PIAZZA,Y,Y,6054220,5886739.65,54795.35,0
2025-01-20,MKG,Y,Y,639385,632736,6649,0
2025-01-21,LA.PIAZZA,Y,Y,9848630,9776515.61,72114.39,0
2025-01-21,MKG,Y,Y,1169325,1151141,18184,0
2025-01-22,LA.PIAZZA,Y,Y,13375565,13060768.41,121556.59,43240
2025-01-22,MKG,Y,Y,1749570,1736672.08,12897.92,0
2025-01-23,LA.PIAZZA,Y,Y,8724290,8568298.15,78786.85,36780
2025-01-23,MKG,Y,Y,1567490,1549986.54,17503.46,0
2025-01-24,LA.PIAZZA,Y,Y,17660880,17106302.83,153837.17,93740
2025-01-24,MKG,Y,Y,1455300,1444439.18,10860.82,0
2025-01-25,LA.PIAZZA,Y,Y,26740705,26431155.61,220449.39,31600
2025-01-25,MKG,Y,Y,3297040,3266892.98,30147.02,0
2025-01-26,LA.PIAZZA,Y,Y,32512035,32004056.03,299638.97,87340
2025-01-26,MKG,Y,Y,3393291,5030147.32,46718.68,0
2025-01-27,LA.PIAZZA,Y,Y,24289908,23922003.45,225044.55,59060
2025-01-27,MKG,Y,Y,2577000,2555890.73,21109.27,0
2025-01-28,LA.PIAZZA,Y,Y,15270375,14872792.47,183882.53,15400
2025-01-28,MKG,N,Y,0,1768542.93,12467.07,0
2025-01-29,LA.PIAZZA,Y,Y,10996160,10542684.09,87705.91,113920
2025-01-29,MKG,Y,Y,1473780,1781592.93,13277.07,0
2025-01-30,LA.PIAZZA,Y,Y,13823590,13651510.76,108339.24,63740
2025-01-30,MKG,N,Y,0,734323.15,6148.85,0
2025-01-31,LA.PIAZZA,Y,Y,19015850,18509006.07,179843.93,27000
2025-01-31,MKG,N,Y,0,395851.16,3778.84,0
2025-02-01,LA.PIAZZA,Y,Y,28920320,28439896.79,295668.21,53720
2025-02-01,MKG,N,Y,0,2818706.87,22806.13,0
2025-02-02,LA.PIAZZA,Y,Y,29138890,28807698.43,242551.57,13640
2025-02-02,MKG,N,Y,0,3172137.43,21495.57,0
2025-02-03,LA.PIAZZA,Y,Y,11372880,11127559.78,95560.22,149760
2025-02-03,MKG,N,Y,0,443574.26,2544.74,0
2025-02-03,SMS,N,Y,0,0,12508.68,0
2025-02-04,LA.PIAZZA,Y,Y,10998910,10850696.73,85813.27,25400
2025-02-04,MKG,N,Y,0,616138.91,4443.09,0
2025-02-05,LA.PIAZZA,Y,Y,14402715,13974966.94,126253.06,53120
2025-02-05,MKG,N,Y,0,1300932.89,9997.11,0
2025-02-06,LA.PIAZZA,Y,Y,9702595,9360846.6,98178.4,74940
2025-02-06,MKG,N,Y,0,744584.19,6858.81,0
2025-02-07,LA.PIAZZA,Y,Y,18094665,17347975.07,159764.93,230560
2025-02-07,MKG,N,Y,0,1321492.69,10637.31,0
2025-02-08,LA.PIAZZA,Y,Y,26960960,26105330.26,230839.74,112140
2025-02-08,MKG,N,Y,0,2246765.75,16875.25,0
2025-02-09,LA.PIAZZA,Y,Y,27745130,27265134.31,288490.69,24840
2025-02-09,MKG,N,Y,0,2671692.51,20357.49,0
2025-02-10,LA.PIAZZA,Y,Y,9123450,8929671.96,91498.04,102280
2025-02-10,MKG,N,Y,0,1230855.97,9614.03,0
2025-02-11,LA.PIAZZA,Y,Y,11111305,10537745.01,93059.99,14000
2025-02-11,MKG,N,Y,0,1073795.27,7010.73,0
2025-02-12,LA.PIAZZA,Y,Y,15039435,14832654.96,140395.04,25960
2025-02-12,MKG,Y,Y,1021714,1013106.74,8607.26,0
2025-02-13,LA.PIAZZA,Y,Y,12806865,12493443.92,123421.08,15000
2025-02-13,MKG,Y,Y,1027258,1018974.1,8283.9,0
2025-02-14,LA.PIAZZA,Y,Y,21567175,20639956.46,217943.54,106700
2025-02-14,MKG,Y,Y,1093474,1085353.3,8120.7,0
2025-02-15,LA.PIAZZA,Y,Y,35044675,33927067.41,310002.59,81260
2025-02-15,MKG,Y,Y,2283609,2268141.57,15467.43,0
2025-02-16,LA.PIAZZA,Y,Y,23503140,22711198.75,282791.25,0
2025-02-16,MKG,Y,Y,2191461,2174487.29,16973.71,0
2025-02-17,LA.PIAZZA,Y,Y,12026910,11802714.15,131855.85,92340
2025-02-17,MKG,Y,Y,1173915,1161102.48,8162.52,0
2025-02-18,LA.PIAZZA,Y,Y,12128795,11808928.67,134586.33,53940
2025-02-18,MKG,Y,Y,702240,697723.2,4516.8,0
2025-02-19,LA.PIAZZA,Y,Y,16976070,16789584.49,152025.51,34460
2025-02-19,MKG,Y,Y,868560,861427.1,7132.9,0
2025-02-20,LA.PIAZZA,Y,Y,15583440,15260905.38,167427.62,64682
2025-02-20,MKG,Y,Y,1230588,1209767.51,10770.49,0
2025-02-21,LA.PIAZZA,Y,Y,17165420,16607887.32,165872.68,91660
2025-02-21,MKG,Y,Y,860475,854503.66,5971.34,0
2025-02-22,LA.PIAZZA,Y,Y,29480290,28969168.42,253577.58,107544
2025-02-22,MKG,Y,Y,1604205,1594575.91,9629.09,0
2025-02-23,LA.PIAZZA,Y,Y,21512265,20956749.19,219395.81,36120
2025-02-23,MKG,Y,Y,1205820,1195179.2,10640.8,0
2025-02-24,LA.PIAZZA,Y,Y,7656775,7130185.62,66364.38,32690
2025-02-24,MKG,Y,Y,337260,335166,2094,0
2025-02-25,LA.PIAZZA,Y,Y,12499430,12272450.89,122304.11,26600
2025-02-25,MKG,Y,Y,468225,465066.98,3257.02,0
2025-02-26,LA.PIAZZA,Y,Y,13484850,13311243.54,133626.46,39980
2025-02-26,MKG,Y,Y,554400,550633.56,3766.44,0
2025-02-27,LA.PIAZZA,Y,Y,12451830,11665880.28,106699.72,68000
2025-02-27,MKG,Y,Y,791845,785796.15,6048.85,0
2025-02-28,LA.PIAZZA,Y,Y,16727040,16110214.48,154685.52,77380
2025-02-28,MKG,Y,Y,794640,768391.48,5458.52,0
2025-03-01,LA.PIAZZA,Y,Y,25830920,25404951.01,247608.99,28360
2025-03-01,MKG,Y,Y,2630805,2607047.68,23757.32,0
2025-03-02,LA.PIAZZA,Y,Y,18760595,18379426.89,170788.11,105700
2025-03-02,MKG,Y,Y,1386245,1374226.68,12018.32,0
2025-03-03,LA.PIAZZA,Y,Y,10329105,10184892.72,110332.28,33880
2025-03-03,MKG,Y,Y,426630,419634.84,2345.16,0
2025-03-04,LA.PIAZZA,Y,Y,9321180,9090207.68,72902.32,72600
2025-03-04,MKG,Y,Y,662970,658615.08,4354.92,0
2025-03-05,LA.PIAZZA,Y,Y,14026390,13780073.04,132816.96,113500
2025-03-05,MKG,Y,Y,623700,619334.1,4365.9,0
2025-03-06,LA.PIAZZA,Y,Y,8200180,8015818.58,77061.42,27500
2025-03-06,MKG,Y,Y,1055670,1047741.42,7928.58,0
2025-03-07,LA.PIAZZA,Y,Y,15925795,15577514.63,157985.37,58320
2025-03-07,MKG,Y,Y,1247417,1230938.13,9128.87,0
2025-03-08,LA.PIAZZA,Y,Y,25041968,24650457.35,253515.65,81400
2025-03-08,MKG,Y,Y,2050125,2031871.21,18253.79,0
2025-03-09,LA.PIAZZA,Y,Y,18115300,17958557.57,182757.43,48800
2025-03-09,MKG,Y,Y,1562715,1550581.08,12133.92,0
2025-03-10,LA.PIAZZA,Y,Y,12149550,12018229.13,97320.87,34000
2025-03-10,MKG,Y,Y,363825,360017.38,3807.62,0
2025-03-11,LA.PIAZZA,Y,Y,14343635,14053773.55,149886.45,51220
2025-03-11,MKG,Y,Y,906675,899856.06,6818.94,0
2025-03-12,LA.PIAZZA,Y,Y,10825165,11040267.38,105950.62,117847
2025-03-12,MKG,Y,Y,1010110,1003522.03,6587.97,0
2025-03-13,LA.PIAZZA,Y,Y,13930965,13478517.23,107642.77,63060
2025-03-13,MKG,Y,Y,820720,813625.78,7094.22,0
2025-03-14,LA.PIAZZA,Y,Y,22784800,22446648.35,263151.65,25000
2025-03-14,MKG,Y,Y,687962,679663.71,5598.29,0
2025-03-15,LA.PIAZZA,Y,Y,26962190,26481391.94,244178.06,86620
2025-03-15,MKG,Y,Y,2763725,2741094.83,22630.17,0
2025-03-16,LA.PIAZZA,Y,Y,20912855,20291995.54,217499.46,63260
2025-03-16,MKG,Y,Y,2893394,2862334.28,23859.72,0
2025-03-17,LA.PIAZZA,Y,Y,13015650,12815133.89,111986.11,33480
2025-03-17,MKG,Y,Y,312095,309910.34,2184.66,0
2025-03-18,LA.PIAZZA,Y,Y,15257245,14922373.67,164871.33,70000
2025-03-18,MKG,Y,Y,671055,665985.44,5069.56,0
2025-03-19,LA.PIAZZA,Y,Y,11926750,11560866.67,117408.33,96000
2025-03-19,MKG,Y,Y,731360,726640.71,4719.29,0
2025-03-20,LA.PIAZZA,Y,Y,16664370,15813726.7,157358.3,82060
2025-03-20,MKG,Y,Y,0,2012938.38,18076.62,0
2025-03-21,LA.PIAZZA,Y,Y,17277160,17045607.99,143632.01,87920
2025-03-21,MKG,Y,Y,1136144,1124498.57,0,7445.43
2025-03-22,LA.PIAZZA,Y,Y,27162410,26860298.84,236711.16,15400
2025-03-22,MKG,Y,Y,2933706,2904200.65,22155.35,0
2025-03-23,LA.PIAZZA,Y,Y,29201725,27763443.49,291409.51,101227
2025-03-23,MKG,Y,Y,2413500,2396509.39,16990.61,0
2025-03-24,LA.PIAZZA,Y,Y,15014650,14843356.32,123133.68,48160
2025-03-24,MKG,Y,Y,778470,773020.72,5449.28,0
2025-03-25,LA.PIAZZA,Y,Y,23200405,22668916.1,190498.9,68300
2025-03-25,MKG,Y,Y,1435575,1598112.63,10224.37,0
2025-03-26,LA.PIAZZA,Y,Y,16803110,16278356.49,134633.51,70120
2025-03-26,MKG,Y,Y,1416834,1368470.8,10703.2,0
2025-03-27,LA.PIAZZA,Y,Y,15214675,14862227.77,134512.23,27060
2025-03-28,LA.PIAZZA,Y,Y,0,22945584.48,229705.52,28800
2025-03-28,MKG,Y,N,23344515,0,0,0
2025-03-29,LA.PIAZZA,Y,Y,27985050,27691082.42,209887.58,34080
2025-03-29,MKG,Y,Y,3355185,3329248.49,25936.51,0
2025-03-30,LA.PIAZZA,Y,Y,23362735,22901984.98,204475.02,256275
2025-03-30,MKG,Y,Y,2563645,2517518.46,19574.54,0
2025-03-31,LA.PIAZZA,Y,Y,31915775,31460994.74,283538.26,96242
2025-03-31,MKG,Y,Y,1360590,1351287.47,9302.53,0
2025-04-01,LA.PIAZZA,Y,Y,25298280,25037298.14,238981.86,22000
2025-04-01,MKG,Y,Y,2483444,2457078.1,21715.9,0
2025-04-02,LA.PIAZZA,Y,Y,27034140,50766600.31,484224.69,122900
2025-04-02,MKG,Y,Y,1912230,1896248.31,15981.69,0
2025-04-03,LA.PIAZZA,Y,Y,24460860,33483000.87,314189.13,62040
2025-04-03,MKG,Y,Y,1732325,1709314.57,16560.43,0
2025-04-04,LA.PIAZZA,Y,Y,28038140,27565511.06,266538.94,119720
2025-04-04,MKG,Y,Y,1097815,1088046.92,9768.08,0
2025-04-05,LA.PIAZZA,Y,Y,31714725,31248757.19,318031.81,73936
2025-04-05,MKG,Y,Y,1886390,1870025.46,16364.54,0
2025-04-06,LA.PIAZZA,Y,Y,19156845,18859453.22,205286.78,40680
2025-04-06,MKG,N,Y,0,2625168.22,20296.78,0
2025-04-07,LA.PIAZZA,Y,Y,19176920,18924250.6,171869.4,48800
2025-04-07,MKG,Y,Y,1421074,1405459.05,10964.95,0
2025-04-08,LA.PIAZZA,Y,Y,11160575,10665820.63,99854.37,66600
2025-04-08,MKG,Y,Y,737165,731254.11,5910.89,0
2025-04-09,LA.PIAZZA,Y,N,13693145,0,0,0
2025-04-09,MKG,Y,Y,1203854,1184910.35,14293.65,0
2025-04-10,LA.PIAZZA,Y,Y,12001385,11455333.7,94491.3,161560
2025-04-10,MKG,Y,Y,781704,776505.25,5198.75,0
2025-04-11,LA.PIAZZA,Y,Y,14084525,13523509.67,148235.33,118780
2025-04-11,MKG,Y,Y,741390,734521.26,6868.74,0
2025-04-12,LA.PIAZZA,Y,Y,40419480,41453644.88,379900.12,74020
2025-04-12,MKG,Y,Y,2417390,1837059.94,12950.06,0
2025-04-13,LA.PIAZZA,Y,Y,19485785,19005908.1,178601.9,36000
2025-04-13,MKG,Y,Y,3224065,3761654.13,29790.87,0
2025-04-14,LA.PIAZZA,Y,Y,14421350,14197281.36,109288.64,114780
2025-04-14,MKG,Y,Y,597290,593108.98,4181.02,0
2025-04-15,LA.PIAZZA,Y,Y,10240965,10083811.7,105353.3,26000
2025-04-15,MKG,Y,Y,922845,913784.69,9060.31,0
2025-04-16,LA.PIAZZA,Y,Y,15534900,15397046.4,140678.6,102280
2025-04-16,MKG,Y,Y,1096095,1088513.88,7581.12,0
2025-04-17,LA.PIAZZA,Y,Y,12214085,12219957.33,118280.67,57182
2025-04-17,MKG,Y,Y,1152420,1139540.16,12879.84,0
2025-04-18,LA.PIAZZA,Y,Y,31861530,31688166.91,276591.09,63182
2025-04-18,MKG,Y,Y,2519240,2497451.46,21788.54,0
2025-04-19,LA.PIAZZA,Y,Y,29311135,28206296.07,256393.93,90880
2025-04-19,MKG,Y,Y,1704060,1688463.14,10945.86,0
2025-04-20,LA.PIAZZA,Y,Y,31020425,30649810.39,307614.61,63000
2025-04-20,MKG,Y,Y,4128985,4100777.92,28207.08,0
2025-04-21,LA.PIAZZA,Y,Y,12558260,12420193.18,91066.82,47000
2025-04-21,MKG,Y,Y,485255,481344.23,3910.77,0
2025-04-22,LA.PIAZZA,Y,Y,10226225,10004522.66,70702.34,151000
2025-04-22,MKG,Y,Y,593460,585584.4,7875.6,0
2025-04-23,LA.PIAZZA,Y,Y,11171260,10942445.55,97987.45,130827
2025-04-23,MKG,Y,Y,660845,657394.74,3450.26,0
2025-04-24,LA.PIAZZA,Y,Y,14343835,14055167.39,155050.61,148747
2025-04-24,MKG,Y,Y,878745,870725.93,8019.07,0
2025-04-25,LA.PIAZZA,Y,Y,17108565,16728496.8,142793.2,34300
2025-04-25,MKG,Y,Y,1174389,1149826.12,8062.88,0
2025-04-26,LA.PIAZZA,Y,Y,22052220,21770711.76,186843.24,58860
2025-04-26,MKG,Y,Y,3069785,3044109.2,25675.8,0
2025-04-27,LA.PIAZZA,Y,Y,22152385,21535671.25,207326.75,177387
2025-04-27,MKG,Y,Y,3923990,4831800.84,37649.159999999996,0
2025-04-28,LA.PIAZZA,Y,Y,11863785,11258453.9,109721.1,131120
2025-04-28,MKG,Y,Y,979440,2611418.46,20341.54,0
2025-04-29,LA.PIAZZA,Y,Y,12958270,12493491.85,103958.15,60820
2025-04-29,MKG,Y,Y,1103180,1094978.8,8201.2,0
2025-04-30,LA.PIAZZA,Y,Y,20463110,20029945.35,186834.65,42380
2025-04-30,MKG,Y,Y,921525,916540.85,4984.15,0
2025-05-01,LA.PIAZZA,Y,Y,39407540,38626631.66,396108.34,85655
2025-05-01,MKG,Y,Y,2620520,2602719.73,17800.27,0
2025-05-02,LA.PIAZZA,Y,Y,25008720,24651061.93,241828.07,39600
2025-05-02,MKG,Y,Y,1506065,1463043.38,12721.62,0
2025-05-03,LA.PIAZZA,Y,N,33943980,0,0,0
2025-05-03,MKG,Y,Y,1616120,1605712.49,10407.51,0
2025-05-04,LA.PIAZZA,Y,Y,31087550,30728739.82,294490.18,58620
2025-05-04,MKG,Y,Y,2262865,2240794.9,22070.1,0
2025-05-05,LA.PIAZZA,Y,Y,10623110,10458918.01,88841.99,55400
2025-05-05,MKG,Y,Y,651420,647133.23,4286.77,0
2025-05-06,LA.PIAZZA,Y,Y,18747480,18440452.6,186677.4,12000
2025-05-06,MKG,Y,Y,788990,785443.39,3546.61,0
2025-05-07,LA.PIAZZA,Y,Y,24161230,23576122.25,215268.75,302489
2025-05-07,MKG,Y,Y,1146586,1125427.91,11258.09,0
2025-05-08,LA.PIAZZA,Y,Y,14358300,13904697.45,143475.55,151127
2025-05-08,MKG,Y,Y,1175885,1164474.6,11410.4,0
2025-05-09,LA.PIAZZA,Y,Y,18816740,18478974.18,173625.82,94840
2025-05-09,MKG,Y,Y,1334866,1306092.87,16773.13,0
2025-05-10,LA.PIAZZA,Y,Y,28364050,27763857.54,256852.46,143340
2025-05-10,MKG,Y,Y,2404545,2386731.96,17813.04,0
2025-05-11,LA.PIAZZA,Y,Y,34326710,33904351.27,347178.73,27280
2025-05-11,MKG,Y,Y,3634650,3604531.53,30118.47,0
2025-05-12,LA.PIAZZA,Y,Y,30193125,29846937.46,287502.54,22880
2025-05-12,MKG,Y,Y,1642410,1628505.94,13904.06,0
2025-05-13,LA.PIAZZA,Y,Y,21798870,21405626.9,223648.1,27820
2025-05-13,MKG,Y,Y,631785,626717.17,5067.83,0
2025-05-14,LA.PIAZZA,Y,Y,11832085,11538532.5,124642.5,95100
2025-05-14,MKG,Y,Y,224070,222501.52,1568.48,0
2025-05-15,LA.PIAZZA,Y,Y,6182160,6023054.25,71105.75,88000
2025-05-15,MKG,Y,Y,490875,486567.81,4307.19,0
2025-05-16,LA.PIAZZA,Y,Y,20227125,34276140.7,298659.3,193060
2025-05-16,MKG,Y,Y,394480,391251.17,3228.83,0
2025-05-17,LA.PIAZZA,Y,Y,32935425,32236844.01,318250.99,90240
2025-05-17,MKG,Y,Y,2047755,2030745.14,17009.86,0
2025-05-18,LA.PIAZZA,Y,Y,25976393,25646426.66,243366.34,86600
2025-05-18,MKG,Y,Y,2150720,2130847.17,19872.83,0
2025-05-19,LA.PIAZZA,Y,Y,11897900,11717765.94,104194.06,75940
2025-05-19,MKG,Y,Y,492248,475815.47,2932.53,0
2025-05-20,LA.PIAZZA,Y,Y,12808845,12528182.84,125642.16,55100
2025-05-20,MKG,Y,Y,918685,908418.57,10266.43,0
2025-05-21,LA.PIAZZA,Y,Y,16529515,16237718.88,135240.12,156556
2025-05-21,MKG,Y,Y,706860,700000.01,6859.99,0
2025-05-22,LA.PIAZZA,Y,Y,13136915,12964037.91,101537.09,71340
2025-05-22,MKG,Y,Y,591635,586063.57,5571.43,0
2025-05-23,LA.PIAZZA,Y,Y,15423950,15088694.04,156738.96,125367
2025-05-23,MKG,Y,Y,567775,563722.93,4052.07,0
2025-05-24,LA.PIAZZA,Y,Y,42861761,41929356.03,360058.97,38456
2025-05-24,MKG,Y,Y,2224855,2211171.96,13683.04,0
2025-05-25,LA.PIAZZA,Y,N,23517300,0,0,0
2025-05-25,MKG,Y,Y,2502805,2477636.98,25168.02,0
2025-05-26,LA.PIAZZA,Y,N,12094495,0,0,0
2025-05-26,MKG,Y,Y,704365,695757.43,8607.57,0
2025-05-27,LA.PIAZZA,Y,Y,17919055,17652112.84,177697.16,64240
2025-05-27,MKG,Y,Y,1841055,1816165.31,24889.69,0
2025-05-28,LA.PIAZZA,Y,Y,15437095,15167411.11,136168.89,58440
2025-05-28,MKG,Y,Y,989305,982242.73,7062.27,0
2025-05-29,LA.PIAZZA,Y,Y,33241160,32755150.23,319009.77,116000
2025-05-29,MKG,Y,Y,1915215,1884793.83,13321.17,0
2025-05-30,LA.PIAZZA,Y,Y,20405185,20138116.1,188468.9,39600
2025-05-30,MKG,Y,Y,1588060,1576268.79,11791.21,0
2025-05-31,LA.PIAZZA,Y,Y,38045740,37523243.91,356146.09,80100
2025-05-31,MKG,Y,Y,1062984,1046186.95,7497.05,0
2025-06-01,LA.PIAZZA,Y,Y,29530163,29277131.38,135606.62,30800
2025-06-01,MKG,Y,Y,1877080,1860231.94,16848.06,0
2025-06-02,LA.PIAZZA,Y,Y,12190340,11882785.9,104459.1,60420
2025-06-02,MKG,Y,Y,637825,632318.8,5506.2,0
2025-06-03,LA.PIAZZA,Y,Y,17365040,16930374.93,171845.07,179920
2025-06-03,MKG,Y,Y,505267,501920.14,3346.86,0
2025-06-04,LA.PIAZZA,Y,Y,14801475,14515731.5,116158.5,92860
2025-06-04,MKG,Y,Y,908811,900621.27,8189.73,0
2025-06-05,LA.PIAZZA,Y,Y,26543840,26251758.84,217006.16,0
2025-06-05,MKG,Y,Y,963270,956558.2,6711.8,0
2025-06-06,LA.PIAZZA,Y,Y,31547080,30922773.76,262376.24,120540
2025-06-06,MKG,Y,Y,2464158,2446185.4,17972.6,0
2025-06-07,LA.PIAZZA,Y,Y,27996141,27654702.53,247773.47,53240
2025-06-07,MKG,Y,Y,1984707,1965359.99,19347.01,0
2025-06-08,LA.PIAZZA,Y,Y,26162965,25629509.42,255473.58,125887
2025-06-08,MKG,Y,Y,2298891,2282803.53,16087.47,0
2025-06-09,LA.PIAZZA,Y,Y,19038570,18666613.17,178436.83,78020
2025-06-09,MKG,Y,Y,1251756,1240372.72,11383.28,0
2025-06-10,LA.PIAZZA,N,Y,0,17916662.08,151497.92,40400
2025-06-10,MKG,Y,Y,1047235,913910.62,7249.38,0
2025-06-11,LA.PIAZZA,Y,Y,12848630,12549069.7,99040.3,103500
2025-06-11,MKG,Y,Y,614705,610356.29,4348.71,0
2025-06-12,LA.PIAZZA,Y,Y,16457820,16008151.19,151363.81,57060
2025-06-12,MKG,Y,Y,545396,539667.89,5728.11,0
2025-06-13,LA.PIAZZA,Y,Y,19171880,18517550.17,172459.83,124700
2025-06-13,MKG,Y,Y,641940,637030.25,4909.75,0
2025-06-14,LA.PIAZZA,Y,Y,30326990,29955563.66,247291.34,73800
2025-06-14,MKG,Y,Y,2738879,2708657.98,21221.02,0
2025-06-15,LA.PIAZZA,Y,Y,25848975,25036520.03,247929.97,143780
2025-06-15,MKG,Y,Y,1588106,1639133.35,17117.65,0
2025-06-16,LA.PIAZZA,Y,N,15031545,0,0,0
2025-06-16,MKG,Y,Y,875290,864241.46,11048.54,0
2025-06-17,LA.PIAZZA,Y,Y,13821116,13529340.1,121795.9,98980
2025-06-17,MKG,Y,Y,475626,481243.1,3622.9,0
2025-06-18,LA.PIAZZA,Y,Y,22263765,21741217.42,197232.58,300315
2025-06-18,MKG,Y,Y,1011250,1004370.7,6879.3,0
2025-06-19,LA.PIAZZA,Y,Y,16074585,15661496.9,139398.1,47220
2025-06-19,MKG,Y,Y,642600,636007.48,6592.52,0
2025-06-20,LA.PIAZZA,Y,Y,17787745,16745832.35,156492.65,144880
2025-06-20,MKG,Y,Y,1189796,1179826.67,9969.33,0
2025-06-21,LA.PIAZZA,Y,Y,34092615,33654203.2,287186.8,64600
2025-06-21,MKG,Y,Y,2074931,2060224.54,14706.46,0
2025-06-22,LA.PIAZZA,Y,Y,19414635,18958049.76,184385.24,27200
2025-06-22,MKG,Y,Y,1221792,1211587.65,10204.35,0
2025-06-23,LA.PIAZZA,Y,Y,13099465,12893357.68,149687.32,56420
2025-06-23,MKG,Y,Y,888992,881127.39,7864.61,0
2025-06-24,LA.PIAZZA,Y,Y,11437855,11148003.33,98761.67,101000
2025-06-24,MKG,Y,Y,375111,372485.24,2625.76,0
2025-06-25,LA.PIAZZA,Y,Y,13597565,13138584.72,149180.28,134240
2025-06-25,MKG,Y,Y,689720,684698.32,5021.68,0
2025-06-26,LA.PIAZZA,Y,Y,18100935,17685367.81,153137.19,180440
2025-06-26,MKG,Y,Y,1008590,999576.7,9013.3,0
2025-06-27,LA.PIAZZA,Y,Y,30714935,29597817.63,264187.37,91700
2025-06-27,MKG,Y,Y,1967643,1949018.14,18624.86,0
2025-06-28,LA.PIAZZA,Y,Y,26120790,25421864.58,248370.42,31600
2025-06-28,MKG,Y,Y,1301397,1291894.95,9502.05,0
2025-06-29,LA.PIAZZA,Y,Y,21811145,21453552.48,208362.52,22880
2025-06-29,MKG,Y,Y,1993122,1977192.89,15929.11,0
2025-06-30,LA.PIAZZA,Y,Y,13181450,12758734.59,123450.41,103920
2025-06-30,MKG,Y,Y,572060,568277.93,3782.07,0
2025-07-01,LA.PIAZZA,Y,Y,21289030,20976262.63,192392.37,70180
2025-07-01,MKG,Y,Y,726495,721567.78,4927.22,0
2025-07-02,LA.PIAZZA,Y,Y,16612285,16436210.42,176074.58,0
2025-07-02,MKG,Y,Y,911295,901962.91,9332.09,0
2025-07-03,LA.PIAZZA,Y,Y,14761405,14520983.46,146251.54,36420
2025-07-03,MKG,Y,Y,890650,882216.63,8433.37,0
2025-07-04,LA.PIAZZA,Y,Y,18924115,18610016.16,173053.84,105240
2025-07-04,MKG,Y,Y,1151300,1142737.56,8562.44,0
2025-07-05,LA.PIAZZA,Y,Y,37449655,36064422.12,288527.88,140800
2025-07-05,MKG,Y,Y,1352270,1340628.48,11641.52,0
2025-07-06,LA.PIAZZA,Y,Y,22575703,32536536.419999998,300064.58,144342
2025-07-06,MKG,Y,Y,1882320,1867060.26,15259.74,0
2025-07-07,LA.PIAZZA,Y,Y,9556855,9422821.63,101833.37,32200
2025-07-07,MKG,Y,Y,293370,291143.17,2226.83,0
2025-07-08,LA.PIAZZA,Y,Y,13034428,12777696.25,107751.75,48980
2025-07-08,MKG,Y,Y,959715,949746.58,9968.42,0
2025-07-09,LA.PIAZZA,Y,Y,14881405,14436375.08,149084.92,21000
2025-07-09,MKG,Y,Y,967055,960550.34,6504.66,0
2025-07-10,LA.PIAZZA,Y,Y,13446850,13223672.04,103907.96,75380
2025-07-10,MKG,Y,Y,522060,519180.6,2879.4,0
2025-07-11,LA.PIAZZA,Y,Y,13523500,13370804.19,85695.81,0
2025-07-11,MKG,Y,Y,986971,980591.78,6379.22,0
2025-07-12,LA.PIAZZA,Y,Y,29879165,29425894.52,250970.48,56400
2025-07-12,MKG,Y,Y,2582505,2562816.56,19688.44,0
2025-07-13,LA.PIAZZA,Y,Y,24878735,24058635.54,209249.46,108800
2025-07-13,MKG,Y,Y,1852917,1839847.88,13069.12,0
2025-07-14,LA.PIAZZA,Y,Y,12241335,12035443.35,114396.65,33920
2025-07-14,MKG,Y,Y,1373046,492051.52,2608.48,0
2025-07-15,LA.PIAZZA,Y,Y,10880440,10430353.29,89376.71,139600
2025-07-15,MKG,N,Y,0,868942.25,9443.75,0
2025-07-16,LA.PIAZZA,Y,Y,9154905,8759512.34,102096.66,186596
2025-07-16,MKG,Y,Y,1596081,1582251.49,13829.51,0
2025-07-17,LA.PIAZZA,Y,Y,14824455,14370192.7,117195.3,97802
2025-07-17,MKG,Y,Y,613975,608160.77,5814.23,0
2025-07-18,LA.PIAZZA,Y,Y,20151365,19046383.37,181991.63,37500
2025-07-18,MKG,Y,Y,1454520,1445515.07,9004.93,0
2025-07-19,LA.PIAZZA,Y,Y,31895830,31325356.94,325273.06,45200
2025-07-19,MKG,Y,Y,3472835,3444051.47,28783.53,0
2025-07-20,LA.PIAZZA,Y,Y,22006025,21381160.92,192544.08,85300
2025-07-20,MKG,Y,Y,3002018,2967162.66,34855.34,0
2025-07-21,LA.PIAZZA,Y,Y,14109930,13834514.83,141795.17,36600
2025-07-21,MKG,Y,Y,1027292,1020717.16,6574.84,0
2025-07-22,LA.PIAZZA,Y,Y,13329550,12659132.05,109152.95,154460
2025-07-22,MKG,Y,Y,526680,521905.54,4774.46,0
2025-07-23,LA.PIAZZA,Y,Y,15720515,15253983.33,171651.67,119320
2025-07-23,MKG,Y,Y,693000,684936.2,8063.8,0
2025-07-24,LA.PIAZZA,Y,Y,16066115,15635771.95,149173.05,23320
2025-07-24,MKG,Y,Y,729960,725606.25,4353.75,0
2025-07-25,LA.PIAZZA,Y,Y,21682495,21322872.25,124807.75,0
2025-07-25,MKG,Y,Y,1178663,1170350.2,8312.8,0
2025-07-26,LA.PIAZZA,Y,Y,28966670,28483841.57,272413.43,33700
2025-07-26,MKG,Y,Y,2718907,1995822.76,14069.24,0
2025-07-27,LA.PIAZZA,Y,Y,27020515,26586690.54,233144.46,53660
2025-07-27,MKG,Y,Y,2439362,3068811.72,28085.28,0
2025-07-28,LA.PIAZZA,Y,Y,5959093,5810049.84,52403.16,55040
2025-07-28,MKG,Y,Y,1079302,1065913.28,13388.72,0
2025-07-28,SMS,Y,Y,1245445,0,8718.1,0
2025-07-29,LA.PIAZZA,Y,Y,18419078,12260284.48,126880.52,17380
2025-07-29,MKG,Y,Y,918781,911503.7,7277.3,0
2025-07-29,SMS,Y,Y,2321065,0,17601.15,0
2025-07-30,LA.PIAZZA,Y,Y,15633335,14601039.85,152824.15,268651
2025-07-30,MKG,Y,Y,863955,813439.27,6625.73,0
2025-07-30,SMS,Y,Y,1975050,0,13854.87,0
2025-07-31,LA.PIAZZA,Y,Y,16675240,16400996.73,175583.27,67040
2025-07-31,MKG,Y,Y,1091896,1083787.37,8108.63,0
2025-07-31,SMS,Y,N,1415150,0,0,0
2025-08-01,LA.PIAZZA,Y,N,20490215,0,0,0
2025-08-01,MKG,Y,Y,1133330,1122954.96,10375.04,0
2025-08-01,SMS,Y,Y,1459920,0,22377.73,0
2025-08-02,LA.PIAZZA,Y,N,25166830,0,0,0
2025-08-02,MKG,Y,Y,2223006,2203859.29,19146.71,0
2025-08-02,SMS,Y,Y,4106025,0,35962.7,0
2025-08-03,LA.PIAZZA,Y,N,20694745,0,0,0
2025-08-03,MKG,Y,Y,1836025,1819652.33,16372.67,0
2025-08-03,SMS,Y,Y,4867725,0,39092.1,0
2025-08-04,LA.PIAZZA,Y,N,10357695,0,0,0
2025-08-04,MKG,Y,Y,1459632,1446897.32,12734.68,0
2025-08-04,SMS,Y,Y,497805,0,3484.63,0
2025-08-05,LA.PIAZZA,Y,N,11654010,0,0,0
2025-08-05,MKG,Y,Y,567152,562893.43,4258.57,0
2025-08-05,SMS,Y,Y,1037745,0,8194.93,0
2025-08-06,LA.PIAZZA,Y,N,10726370,0,0,0
2025-08-06,MKG,Y,Y,235886,234592.01,1293.99,0
2025-08-06,SMS,Y,Y,642180,0,3802.83,0
2025-08-07,LA.PIAZZA,Y,N,11336875,0,0,0
2025-08-07,MKG,Y,Y,548891,544764.64,4126.36,0
2025-08-07,SMS,Y,Y,371910,0,3128.39,0
2025-08-08,LA.PIAZZA,Y,Y,16811975,16436703.3,146818.7,48273
2025-08-08,MKG,Y,Y,1209840,1200425.67,9414.33,0
2025-08-08,SMS,Y,Y,693595,0,4855.16,0
2025-08-09,LA.PIAZZA,Y,Y,28896385,28493661.85,262953.15,16420
2025-08-09,MKG,Y,Y,3044495,3020656.91,23838.09,0
2025-08-09,SMS,Y,Y,1931765,0,17109.97,0
2025-08-10,LA.PIAZZA,Y,Y,20267175,20148714.67,163080.33,55380
2025-08-10,MKG,Y,Y,2167335,2150614.8,16720.2,0
2025-08-10,SMS,Y,Y,2230625,0,18286.24,0
2025-08-11,LA.PIAZZA,Y,Y,9918475,9718227.75,104067.25,96180
2025-08-11,MKG,Y,Y,869146,861939.99,7206.01,0
2025-08-11,SMS,Y,Y,241395,0,1689.76,0
2025-08-12,LA.PIAZZA,Y,Y,8118410,7983406.81,96983.19,38020
2025-08-12,MKG,N,Y,0,970281.98,7397.02,0
2025-08-12,SMS,Y,Y,723030,0,4387.84,0
2025-08-13,LA.PIAZZA,Y,Y,11384890,11260938.64,123951.36,0
2025-08-13,MKG,Y,Y,796450,790874.85,5575.15,0
2025-08-13,SMS,Y,Y,287595,0,2958.81,0
2025-08-14,LA.PIAZZA,Y,Y,9396975,9281566.82,85708.18,29700
2025-08-14,MKG,Y,Y,1350750,1340688.56,10061.44,0
2025-08-14,SMS,Y,Y,992100,0,8496.54,0
2025-08-15,LA.PIAZZA,Y,Y,14275800,14088573.07,144966.93,42260
2025-08-15,MKG,Y,Y,853545,848649.54,4895.46,0
2025-08-15,SMS,Y,Y,740630,0,5184.4,0
2025-08-16,LA.PIAZZA,Y,Y,20842275,20710403.58,203651.42,24220
2025-08-16,MKG,Y,Y,2949693,2923903.22,25789.78,0
2025-08-16,SMS,Y,Y,2956515,0,28689,0
2025-08-17,LA.PIAZZA,Y,Y,27292639,17079759.53,0,0
2025-08-17,MKG,Y,Y,1662577,1724223.83,12273.17,0
2025-08-17,SMS,Y,Y,2557825,0,20584.61,0
2025-08-18,LA.PIAZZA,Y,Y,17197420,27857138.44,329955.56,41060
2025-08-18,MKG,Y,Y,1570710,1557476.06,13233.94,0
2025-08-18,SMS,Y,Y,758835,0,4626.92,0
2025-08-19,LA.PIAZZA,Y,Y,9133680,9059366.2,80198.8,99220
2025-08-19,MKG,Y,Y,751032,741806.7,9225.3,0
2025-08-19,SMS,Y,Y,494340,0,2386.8,0
2025-08-20,LA.PIAZZA,Y,Y,15372335,15110276.34,168973.66,57280
2025-08-20,MKG,Y,Y,463421,458168.4,5252.6,0
2025-08-20,SMS,Y,Y,1072995,0,9794.38,0
2025-08-21,LA.PIAZZA,Y,Y,10755640,10348763.11,90186.89,48340
2025-08-21,MKG,Y,Y,604331,599805.7,4525.3,0
2025-08-21,SMS,Y,Y,330330,0,2863.44,0
2025-08-22,LA.PIAZZA,Y,Y,18492655,18208951.59,164493.41,66060
2025-08-22,MKG,Y,Y,988697,979354.95,9342.05,0
2025-08-22,SMS,Y,Y,517320,0,2577.96,25000
2025-08-23,LA.PIAZZA,Y,Y,28574440,28038162.31,230017.69,56260
2025-08-23,MKG,Y,Y,2328162,2310311.27,17850.73,0
2025-08-23,SMS,Y,Y,2084580,127280,15376.22,21520
2025-08-24,LA.PIAZZA,Y,Y,22937705,22646183.5,214741.5,76780
2025-08-24,MKG,Y,Y,2610300,2591007.77,19292.23,0
2025-08-24,SMS,Y,Y,0,30800,11278.57,13600
2025-08-25,LA.PIAZZA,Y,Y,9887415,9663408.74,70351.26,101680
2025-08-25,MKG,Y,Y,579810,575973.69,3836.31,0
2025-08-25,SMS,Y,Y,419265,0,3459.88,0
2025-08-26,LA.PIAZZA,Y,Y,12756665,12503872.41,134512.59,118280
2025-08-26,MKG,Y,Y,516285,475066.32,5413.68,0
2025-08-26,SMS,Y,Y,334950,0,2869.67,0
2025-08-27,LA.PIAZZA,Y,Y,11593970,11453687.43,113962.57,26320
2025-08-27,MKG,Y,Y,872695,866451.01,6243.99,0
2025-08-27,SMS,Y,Y,546975,41280,2424.33,35320
2025-08-28,LA.PIAZZA,Y,Y,20189970,19323968.69,189716.31,35800
2025-08-28,MKG,Y,Y,629741,625332.82,4408.18,0
2025-08-28,SMS,Y,Y,585585,0,3654.41,0
2025-08-29,LA.PIAZZA,Y,Y,17317715,16953899.79,156363.21,149702
2025-08-29,MKG,Y,Y,1199165,1185282.62,13882.38,0
2025-08-29,SMS,Y,Y,747720,58560,21146.1,0
2025-08-30,LA.PIAZZA,Y,Y,26716400,26141091.05,200458.95,94600
2025-08-30,MKG,Y,Y,2215930,2196978.13,18951.87,0
2025-08-30,SMS,Y,Y,0,0,9780.32,14920
2025-08-31,LA.PIAZZA,Y,Y,16253930,15680419.17,149695.83,163300
2025-08-31,MKG,Y,Y,1590960,1578739.23,12220.77,0
2025-08-31,SMS,Y,Y,942960,59520,22149.53,0
2025-09-01,LA.PIAZZA,Y,Y,10715130,10343766.37,70581.63,100782
2025-09-01,MKG,Y,Y,808500,801441.14,7058.86,0
2025-09-01,SMS,Y,Y,584430,0,5477.96,0
2025-09-02,LA.PIAZZA,Y,Y,11059360,10907496.48,87163.52,64700
2025-09-02,MKG,Y,Y,350635,347850.03,2784.97,0
2025-09-02,SMS,Y,Y,295740,0,1538.42,25960
2025-09-03,LA.PIAZZA,Y,Y,14637255,14270333.93,146836.07,49660
2025-09-03,MKG,Y,Y,757080,752225.13,4854.87,0
2025-09-03,SMS,Y,Y,373340,0,2206.81,0
2025-09-04,LA.PIAZZA,Y,Y,20946020,20533133.87,165286.13,172795
2025-09-04,MKG,Y,Y,788865,782536.69,6328.31,0
2025-09-04,SMS,Y,Y,713305,0,5916.1,0
2025-09-05,LA.PIAZZA,Y,Y,25036355,24400501.79,236988.21,25800
2025-09-05,MKG,Y,Y,3491635,3466973.87,24661.13,0
2025-09-05,SMS,Y,Y,1508430,0,11529.2,0
2025-09-06,LA.PIAZZA,Y,Y,19151675,19155079.55,190370.45,24520
2025-09-06,MKG,Y,Y,2129335,2108387.13,20947.87,0
2025-09-06,SMS,Y,Y,1476365,0,12390.9,0
2025-09-07,LA.PIAZZA,Y,Y,22576595,22313163.78,201206.22,21800
2025-09-07,MKG,Y,Y,1674585,1661592.02,12992.98,0
2025-09-07,SMS,Y,Y,1370500,0,10137.5,0
2025-09-08,LA.PIAZZA,Y,Y,13196220,12829925.28,109794.72,101000
2025-09-08,MKG,Y,Y,572880,568389.57,4490.43,0
2025-09-08,SMS,Y,Y,464310,0,4000.91,0
2025-09-09,LA.PIAZZA,Y,Y,10035245,9813599.4,105415.6,116230
2025-09-09,MKG,Y,Y,792045,786010.69,6034.31,0
2025-09-09,SMS,Y,Y,385770,0,3917.45,0
2025-09-10,LA.PIAZZA,Y,Y,9175095,8984833.09,79741.91,110520
2025-09-10,MKG,Y,Y,808775,802440.32,6334.68,0
2025-09-10,SMS,Y,Y,218965,0,1532.75,0
2025-09-11,LA.PIAZZA,Y,Y,9865605,9626529.09,95885.91,86340
2025-09-11,MKG,Y,Y,509355,505248.13,4106.87,0
2025-09-11,SMS,Y,Y,83160,0,582.12,0
2025-09-12,LA.PIAZZA,Y,Y,14817600,14613798.17,138351.83,7700
2025-09-12,MKG,Y,Y,989835,980564.42,9270.58,0
2025-09-12,SMS,Y,Y,36960,0,258.72,0
2025-09-13,LA.PIAZZA,Y,Y,27123580,26723980.75,246964.25,43760
2025-09-13,MKG,Y,Y,1804735,1790068.89,14666.11,0
2025-09-13,SMS,N,Y,0,0,9006.52,0
2025-09-14,LA.PIAZZA,Y,Y,24608345,24253690.16,219234.84,135420
2025-09-14,MKG,Y,Y,2723645,2697371.97,26273.03,0
2025-09-14,SMS,Y,Y,1336335,0,13045.81,0
2025-09-15,LA.PIAZZA,Y,Y,15217500,14981824.93,166861.07,49164
2025-09-15,MKG,Y,Y,560175,556135.4,4039.6,0
2025-09-15,SMS,Y,Y,162150,0,900,0
2025-09-16,LA.PIAZZA,Y,Y,10627160,10431378.78,82721.22,113060
2025-09-16,MKG,Y,Y,202125,200710.13,1414.87,0
2025-09-16,SMS,Y,Y,405680,0,2738.69,0
2025-09-17,LA.PIAZZA,Y,Y,8674535,8488240.04,90787.96,55082
2025-09-17,MKG,Y,Y,493185,489732.71,3452.29,0
2025-09-17,SMS,Y,Y,237930,0,1665.51,0
2025-09-18,LA.PIAZZA,Y,Y,7416010,7326531.62,62596.38,26882
2025-09-18,MKG,Y,Y,455070,452106.87,2963.13,0
2025-09-18,SMS,Y,Y,139755,0,978.28,0
2025-09-19,LA.PIAZZA,Y,Y,15507390,15329310.81,132429.19,31600
2025-09-19,MKG,Y,Y,489965,483604.54,6360.46,0
2025-09-19,SMS,Y,Y,658145,49920,4580.21,12480
2025-09-20,LA.PIAZZA,Y,Y,21069845,20725095.17,201639.83,71060
2025-09-20,MKG,Y,Y,2061830,2043916.63,17913.37,0
2025-09-20,SMS,Y,Y,1031415,0,6634.85,0
2025-09-21,LA.PIAZZA,Y,Y,30100203,29192453.31,303979.69,151040
2025-09-21,MKG,Y,Y,2679875,2657545.88,22329.12,0
2025-09-21,SMS,Y,Y,1457045,133600,10797.38,33400
2025-09-22,LA.PIAZZA,Y,Y,12220900,11961814.52,130775.48,81440
2025-09-22,MKG,N,Y,0,390923.41,4086.59,0
2025-09-22,SMS,Y,Y,143220,0,1002.53,0
2025-09-23,LA.PIAZZA,Y,Y,11020120,10870514.71,99505.29,50100
2025-09-23,MKG,N,Y,0,760176.85,5978.15,0
2025-09-23,SMS,Y,Y,276045,0,1932.31,0
2025-09-24,LA.PIAZZA,Y,Y,7377565,7153443.87,65941.13,102740
2025-09-24,MKG,Y,Y,456225,453125.57,3099.43,0
2025-09-24,SMS,Y,Y,121275,0,848.92,0
2025-09-25,LA.PIAZZA,Y,Y,10850188,10664737.36,97450.64,56000
2025-09-25,MKG,Y,Y,950840,944481.62,6358.38,0
2025-09-25,SMS,Y,Y,470115,49920,14971.9,0
2025-09-26,LA.PIAZZA,Y,Y,15572300,15297027.69,173047.31,15600
2025-09-26,MKG,Y,Y,1077800,1071201.69,6598.31,0
2025-09-26,SMS,Y,Y,676830,0,5875.55,0
2025-09-27,LA.PIAZZA,Y,Y,20640285,20231292.2,180612.8,78380
2025-09-27,MKG,Y,Y,2181675,2165581.5,16093.5,0
2025-09-27,SMS,Y,Y,759475,0,5316.32,0
2025-09-28,LA.PIAZZA,Y,Y,29235905,28610107.84,275377.16,7200
2025-09-28,MKG,Y,Y,1371305,1359849.21,11455.79,0
2025-09-28,SMS,Y,Y,1644510,0,11708.04,0
2025-09-29,LA.PIAZZA,Y,Y,9751515,9483264.34,107535.66,52320
2025-09-29,MKG,Y,Y,720205,714232.85,5972.15,0
2025-09-29,SMS,Y,Y,332640,0,2221.63,0
2025-09-30,LA.PIAZZA,Y,Y,11007055,10711413.21,76171.79,100020
2025-09-30,MKG,Y,Y,736290,731669.59,4620.41,0
2025-09-30,SMS,Y,Y,330330,0,2312.3,0
2025-10-01,LA.PIAZZA,Y,Y,16392370,16088768.26,206301.74,97300
2025-10-01,MKG,Y,Y,552090,546703.02,5386.98,0
2025-10-01,SMS,Y,Y,233310,0,1633.17,0
2025-10-02,LA.PIAZZA,Y,Y,13762165,13417523.64,121736.36,73240
2025-10-02,MKG,Y,Y,889490,880425.66,9064.34,0
2025-10-02,SMS,Y,Y,656040,0,2851.99,0
2025-10-03,LA.PIAZZA,Y,Y,22469950,22123461.46,174858.54,100020
2025-10-03,MKG,Y,Y,716375,711781.33,4793.67,0
2025-10-03,SMS,Y,Y,1284370,0,4960.65,0
2025-10-04,LA.PIAZZA,Y,Y,32761930,32171437.91,273345.09,184147
2025-10-04,MKG,Y,Y,2797970,2777633.99,20336.01,0
2025-10-04,SMS,Y,Y,1516700,0,6608.44,0
2025-10-05,LA.PIAZZA,Y,Y,24700400,24409701.02,217668.98,56380
2025-10-05,MKG,Y,Y,1615010,1602631.38,12378.62,0
2025-10-05,SMS,Y,Y,2383900,0,8007.2,48760
2025-10-06,LA.PIAZZA,Y,N,10507215,0,0,0
2025-10-06,MKG,Y,Y,503580,500493.27,3086.73,0
2025-10-06,SMS,Y,Y,304920,0,1067.21,0
2025-10-07,LA.PIAZZA,Y,Y,9460485,9272516.82,108028.18,79940
2025-10-07,MKG,Y,Y,487410,483729.71,3680.29,0
2025-10-07,SMS,Y,Y,713520,0,1622.31,26000
2025-10-08,LA.PIAZZA,Y,Y,12747015,12552347.11,148987.89,45680
2025-10-08,MKG,Y,Y,546315,541970.63,4344.37,0
2025-10-08,SMS,Y,Y,642180,0,2025.28,0
2025-10-09,LA.PIAZZA,Y,Y,16463375,16149638.09,173396.91,49940
2025-10-09,MKG,Y,Y,808945,803282.4,5662.6,0
2025-10-09,SMS,Y,Y,807390,37440,2498.26,9360
2025-10-10,LA.PIAZZA,Y,Y,15183635,14518918.18,259963.64,95760
2025-10-10,MKG,Y,Y,962115,955380.2,6734.8,0
2025-10-10,SMS,Y,Y,366805,0,3463.51,0
2025-10-11,LA.PIAZZA,Y,Y,27672020,26930440.18,240494.82,60200
2025-10-11,MKG,Y,Y,2453215,2433554.33,19660.67,0
2025-10-11,SMS,Y,Y,1345715,0,11161.14,0
2025-10-12,LA.PIAZZA,Y,Y,19761245,19466460.88,162144.12,132640
2025-10-12,MKG,Y,Y,2276295,2255136.91,21158.09,0
2025-10-12,SMS,Y,Y,787710,0,6509.95,0
2025-10-13,LA.PIAZZA,Y,Y,9586790,9377195.18,88319.82,0
2025-10-13,MKG,Y,Y,728805,720129.61,8675.39,0
2025-10-13,SMS,Y,Y,1295190,58560,23944.67,0
2025-10-14,LA.PIAZZA,Y,Y,12787145,12167948.64,119406.36,38640
2025-10-14,MKG,Y,Y,1081470,1366428.11,12396.89,0
2025-10-14,SMS,Y,Y,214275,0,1172.32,10360
2025-10-15,LA.PIAZZA,Y,Y,11642750,11208831.92,123208.08,90560
2025-10-15,MKG,Y,Y,532455,528727.83,3727.17,0
2025-10-15,SMS,Y,Y,206745,0,2003.07,0
2025-10-16,LA.PIAZZA,Y,Y,11222450,11000648.42,103881.58,117920
2025-10-16,MKG,Y,Y,1172690,1161961.55,10728.45,0
2025-10-16,SMS,Y,Y,380270,0,2661.88,0
2025-10-17,LA.PIAZZA,Y,Y,14435440,14408327.88,160872.12,74140
2025-10-17,MKG,Y,Y,889905,882339.11,7565.89,0
2025-10-17,SMS,Y,Y,1072860,0,9356.55,0
2025-10-18,LA.PIAZZA,Y,Y,37116295,36738379.77,327688.23,0
2025-10-18,MKG,Y,Y,1908795,1898277.05,10517.95,0
2025-10-18,SMS,Y,Y,699930,0,5303.82,0
2025-10-19,LA.PIAZZA,Y,Y,22235260,22080584.25,235620.75,70000
2025-10-19,MKG,Y,Y,2736305,2715544.58,20760.42,0
2025-10-19,SMS,Y,Y,1362025,0,12617.64,0
2025-10-20,LA.PIAZZA,N,Y,0,12382147.42,121987.58,6820
2025-10-20,MKG,Y,Y,827580,818994.76,8585.24,0
2025-10-20,SMS,Y,N,121275,0,0,0
2025-10-21,LA.PIAZZA,Y,Y,12788575,12230619.33,115040.67,6820
2025-10-21,MKG,Y,Y,845460,840174.15,5285.85,0
2025-10-21,SMS,Y,Y,92400,0,646.79,0
2025-10-22,GOJEK,N,N,0,0,0,0
2025-10-22,LA.PIAZZA,Y,Y,8606005,8417425.8,88579.2,0
2025-10-22,MKG,Y,Y,1156680,798913.14,5491.86,0
2025-10-22,SMS,Y,Y,431460,0,2684.21,0
2025-10-23,GOJEK,N,N,0,0,0,0
2025-10-23,LA.PIAZZA,Y,Y,12239605,11574439.18,105140.82,126900
2025-10-23,MKG,Y,Y,1303230,531138.8,5936.2,0
2025-10-23,SMS,Y,Y,391060,0,3262.43,0
2025-10-24,GOJEK,N,N,0,0,0,0
2025-10-24,LA.PIAZZA,Y,Y,12046685,11281671.88,88643.12,186280
2025-10-24,MKG,Y,Y,1201535,1192237.38,9297.62,0
2025-10-24,SMS,Y,Y,375130,0,3662.04,0
2025-10-25,LA.PIAZZA,Y,Y,28416670,27993582.45,307487.55,15600
2025-10-25,MKG,Y,Y,2081630,2067953.62,13676.38,0
2025-10-25,SMS,Y,Y,1753615,0,13463.59,0
2025-10-26,LA.PIAZZA,Y,Y,25676873,24898220.38,256652.62,22000
2025-10-26,MKG,Y,Y,1992375,1976205.1,16169.9,0
2025-10-26,SMS,Y,Y,858835,41280,7918.05,10320
2025-10-27,GOJEK,N,N,0,0,0,0
2025-10-27,LA.PIAZZA,Y,Y,6878020,6735146.54,66913.46,60960
2025-10-27,MKG,Y,Y,680730,676362.68,4367.32,0
2025-10-27,SMS,Y,Y,515075,0,4940.72,0
2025-10-28,GOJEK,N,N,0,0,0,0
2025-10-28,LA.PIAZZA,Y,Y,12850895,12625174.9,137340.1,88380
2025-10-28,MKG,Y,Y,724460,719388.79,5071.21,0
2025-10-28,SMS,Y,Y,84315,0,590.2,0
2025-10-29,GOJEK,N,N,0,0,0,0
2025-10-29,LA.PIAZZA,Y,Y,10133320,9903037.37,95662.63,76960
2025-10-29,MKG,Y,Y,314160,311739.13,2420.87,0
2025-10-29,SMS,Y,Y,261030,0,2835.88,0
2025-10-30,GOJEK,N,N,0,0,0,0
2025-10-30,LA.PIAZZA,Y,Y,7045370,6872019.66,72700.34,70300
2025-10-30,MKG,Y,Y,519750,516346.8,3403.2,0
2025-10-30,SMS,Y,Y,373340,0,4043.37,0
2025-10-31,GOJEK,N,N,0,0,0,0
2025-10-31,LA.PIAZZA,Y,Y,12883910,12569410.27,108699.73,102800
2025-10-31,MKG,Y,N,1384125,0,0,0
2025-10-31,SMS,Y,Y,541695,0,3270.95,0
2025-11-01,LA.PIAZZA,Y,Y,32298625,31818833.3,278011.7,79980
2025-11-01,MKG,Y,Y,1649340,1638420.46,10919.54,0
2025-11-01,SMS,Y,Y,1149380,0,8103.98,0
2025-11-02,LA.PIAZZA,Y,Y,24913465,24659492.42,234172.58,19800
2025-11-02,MKG,Y,Y,2239545,2222102,17443,0
2025-11-02,SMS,Y,Y,1438645,0,9959.89,0
2025-11-03,LA.PIAZZA,Y,Y,8439905,8175286.93,75603.07,39840
2025-11-03,MKG,Y,Y,583200,578381.77,4818.23,0
2025-11-03,SMS,Y,Y,418110,0,3054.97,0
2025-11-04,LA.PIAZZA,Y,Y,12219515,11981029.86,87620.14,64240
2025-11-04,MKG,Y,Y,471240,468906.9,2333.1,0
2025-11-04,SMS,Y,Y,518305,0,4649.35,0
2025-11-05,LA.PIAZZA,Y,Y,10053883,9867969.11,101618.89,15180
2025-11-05,MKG,Y,Y,1669340,1648048.62,21291.38,0
2025-11-05,SMS,Y,Y,170940,0,2863.14,0
2025-11-06,LA.PIAZZA,Y,Y,12551770,12194821.31,128688.69,59540
2025-11-06,MKG,Y,Y,361515,358984.4,2530.6,0
2025-11-06,SMS,Y,Y,248325,0,1738.27,0
2025-11-07,LA.PIAZZA,Y,Y,15639655,15440311.64,132743.36,0
2025-11-07,MKG,Y,Y,986295,977499.65,8795.35,0
2025-11-07,SMS,Y,Y,80850,0,1090.97,0
2025-11-08,LA.PIAZZA,Y,Y,33749780,33354636.28,274556.72,91487
2025-11-08,MKG,Y,Y,2508815,2488039.74,20775.26,0
2025-11-08,SMS,Y,Y,933655,0,5913.98,0
2025-11-09,LA.PIAZZA,Y,Y,29998890,29467290.76,273899.24,7700
2025-11-09,MKG,Y,Y,2366700,2348891.38,17808.62,0
2025-11-09,SMS,Y,Y,1762005,0,15107.33,0
2025-11-10,LA.PIAZZA,Y,Y,10989255,10831322.34,108908.66,49024
2025-11-10,MKG,Y,Y,966735,958400.93,8334.07,0
2025-11-10,SMS,Y,Y,318780,0,2231.45,0
2025-11-11,LA.PIAZZA,Y,Y,12038665,11880245.94,126599.06,31820
2025-11-11,MKG,Y,Y,817925,811931.1,5993.9,0
2025-11-11,SMS,Y,Y,326380,0,2284.66,0
2025-11-12,LA.PIAZZA,Y,Y,10796330,10501094.32,110565.68,6820
2025-11-12,MKG,Y,Y,570570,675294.71,5000.29,0
2025-11-12,SMS,Y,Y,263340,0,1589.27,0
2025-11-13,LA.PIAZZA,Y,Y,9935970,9733967.77,97382.23,6820
2025-11-13,MKG,Y,Y,2623505,2605012.27,18492.73,0
2025-11-13,SMS,Y,Y,436500,0,2941.14,0
2025-11-14,LA.PIAZZA,Y,Y,19663830,19299670.66,164509.34,161900
2025-11-14,MKG,Y,Y,470085,430759.77,3520.23,0
2025-11-14,SMS,Y,Y,45045,0,315.31,0
2025-11-15,LA.PIAZZA,Y,Y,29449525,28743577.45,298705.55,39887
2025-11-15,MKG,Y,Y,2496585,2479624.25,16960.75,0
2025-11-15,SMS,Y,Y,901655,0,6051.12,0
2025-11-16,LA.PIAZZA,Y,Y,27427785,27326436.08,289711.92,80907
2025-11-16,MKG,Y,Y,1689280,1673257.45,16022.55,0
2025-11-16,SMS,Y,Y,912205,0,8880.38,0
2025-11-17,LA.PIAZZA,Y,Y,10681105,10392204.61,91575.39,65000
2025-11-17,MKG,Y,Y,158235,157381.46,853.54,0
2025-11-17,SMS,Y,Y,284130,0,2739.66,0
2025-11-18,LA.PIAZZA,Y,Y,10965270,10865832.26,99437.74,0
2025-11-18,MKG,Y,Y,519460,515089.99,4370.01,0
2025-11-18,SMS,Y,Y,453915,0,3177.4,0
2025-11-19,LA.PIAZZA,Y,Y,14782405,14472075.23,129619.77,44420
2025-11-19,MKG,Y,Y,981750,975045.16,6704.84,0
2025-11-19,SMS,Y,Y,329175,0,3694.41,0
2025-11-20,LA.PIAZZA,Y,Y,29645730,17133340.11,139119.89,47600
2025-11-20,MKG,Y,Y,755370,749839.87,5530.13,0
2025-11-20,SMS,Y,Y,719205,0,5216.34,0
2025-11-21,LA.PIAZZA,Y,Y,16142215,15982049.47,135565.53,24600
2025-11-21,MKG,Y,Y,1637765,1621114.59,16650.41,0
2025-11-21,SMS,Y,Y,405405,0,2837.82,0
2025-11-22,LA.PIAZZA,N,Y,0,36413533.17,310931.83,74020
2025-11-22,MKG,Y,Y,2011335,1994019.83,17315.17,0
2025-11-22,SMS,Y,Y,1135640,0,7727.13,0
2025-11-23,LA.PIAZZA,Y,Y,25473015,25075445,245370,52200
2025-11-23,MKG,Y,Y,1727550,1709646.22,17903.78,0
2025-11-23,SMS,Y,Y,846480,0,6085.68,0
2025-11-24,LA.PIAZZA,Y,Y,12219830,11600779.65,114288.35,25007
2025-11-24,MKG,Y,Y,846105,839344.81,6760.19,0
2025-11-24,SMS,Y,Y,252460,0,3067.22,0
2025-11-25,LA.PIAZZA,N,Y,0,14033987.27,128777.73,51040
2025-11-25,MKG,Y,Y,712635,707295.92,5339.08,0
2025-11-25,SMS,Y,Y,222915,0,1560.4,0
2025-11-26,LA.PIAZZA,Y,Y,15434630,14735975.72,147669.28,49500
2025-11-26,MKG,Y,Y,986040,976961.53,9078.47,0
2025-11-26,SMS,Y,Y,261030,0,1827.21,0
2025-11-27,LA.PIAZZA,Y,Y,11911020,11771894.38,116905.62,22220
2025-11-27,MKG,Y,Y,471240,465849.65,5390.35,0
2025-11-27,SMS,Y,Y,238850,0,1671.94,0
2025-11-28,LA.PIAZZA,Y,Y,18769030,18423720.74,185382.26,39127
2025-11-28,MKG,Y,Y,1063755,1055503.39,8251.61,0
2025-11-28,SMS,Y,Y,1066340,0,7006.99,0
2025-11-29,LA.PIAZZA,Y,Y,32088365,31625647.07,325167.93,33220
2025-11-29,MKG,Y,Y,2192820,2177393.96,15426.04,0
2025-11-29,SMS,Y,Y,1203220,0,8199.52,0
2025-11-30,LA.PIAZZA,Y,N,24131553,0,0,0
2025-11-30,MKG,Y,Y,2045780,2029850.55,15929.45,0
2025-11-30,SMS,Y,Y,1058360,0,6425.96,26200
2025-12-01,LA.PIAZZA,Y,N,11605385,0,0,0
2025-12-01,MKG,N,Y,0,678137,5623,0
2025-12-01,SMS,Y,Y,241380,0,1261.25,13240
2025-12-02,LA.PIAZZA,Y,Y,13556290,13329289.48,109020.52,117980
2025-12-02,MKG,N,Y,0,648138.36,6626.64,0
2025-12-02,SMS,Y,Y,834895,0,2214.09,0
2025-12-03,LA.PIAZZA,Y,Y,12216785,12059061.43,120763.57,36960
2025-12-03,MKG,N,Y,0,970624.02,7370.98,0
2025-12-03,SMS,Y,N,305240,0,0,0
2025-12-04,LA.PIAZZA,Y,Y,17280855,17143016.22,137838.78,0
2025-12-04,MKG,Y,Y,1017555,1007768.19,9786.81,0
2025-12-04,SMS,Y,Y,771575,0,6241.18,0
2025-12-05,LA.PIAZZA,Y,Y,24675103,24242068.84,252074.16,180960
2025-12-05,MKG,Y,Y,1827045,1813088.62,13956.38,0
2025-12-05,SMS,Y,Y,440055,0,3201.66,0
2025-12-06,LA.PIAZZA,Y,Y,30413340,29921566.05,285971.95,116402
2025-12-06,MKG,Y,Y,1196095,1187042.05,9052.95,0
2025-12-06,SMS,Y,Y,1243765,0,10096.55,0
2025-12-07,LA.PIAZZA,Y,Y,25708620,25272028.76,263791.24,40700
2025-12-07,MKG,Y,Y,2397605,2377376.17,20228.83,0
2025-12-07,SMS,Y,Y,1129590,0,7386.22,0
2025-12-08,LA.PIAZZA,Y,Y,16449765,16081529.58,201005.42,63280
2025-12-08,MKG,Y,Y,721875,670945.29,4729.71,0
2025-12-08,SMS,Y,Y,656820,41280,4236.54,10320
2025-12-09,LA.PIAZZA,Y,Y,18447305,17970098.21,201864.79,36342
2025-12-09,MKG,Y,Y,764320,758446.25,5873.75,0
2025-12-09,SMS,Y,Y,602910,0,3311.38,0
2025-12-10,LA.PIAZZA,Y,Y,13435925,13290892.07,103452.93,41580
2025-12-10,MKG,Y,Y,827255,820947.17,6307.83,0
2025-12-10,SMS,Y,Y,501545,0,3250.35,0
2025-12-11,LA.PIAZZA,Y,Y,14957480,14798378.49,123661.51,35440
2025-12-11,MKG,Y,Y,890505,886031.12,4473.88,0
2025-12-11,SMS,Y,Y,746190,0,5999.01,0
2025-12-12,BSD,N,Y,0,0,0,0
2025-12-12,LA.PIAZZA,Y,N,31491880,0,0,0
2025-12-12,MKG,Y,Y,1172610,1164833.49,7776.51,0
2025-12-12,SMS,Y,Y,852390,0,5159.95,0
2025-12-13,MKG,Y,Y,1488625,1479243.66,9381.34,0
2025-12-13,SMS,Y,Y,1244920,0,11602.64,0
2025-12-14,BSD,N,Y,0,6742009.24,73285.76,0
2025-12-14,MKG,Y,Y,1848000,1832906.97,15093.03,0
2025-12-14,SMS,Y,Y,2065800,0,14728.65,0
2025-12-15,BSD,Y,Y,3212625,3116436.29,28043.71,0
2025-12-15,MKG,Y,Y,831600,438156.731,4208.269,0
2025-12-15,SMS,Y,Y,590205,0,5003.46,0
2025-12-16,BSD,Y,N,11738200,0,0,0
2025-12-16,MKG,N,Y,0,386669.66,2565.34,0
2025-12-16,SMS,Y,Y,168630,0,2291.12,0
2025-12-17,MKG,Y,Y,531300,526641.6,4658.4,0
2025-12-17,SMS,Y,Y,675115,0,4854,0
2025-12-18,MKG,Y,Y,1139360,1133299.08,6060.92,0
2025-12-18,SMS,Y,Y,826980,0,6111.88,0
2025-12-19,MKG,Y,Y,2587200,1283878.07,9721.93,0
2025-12-19,SMS,Y,Y,1261480,0,11083.57,0
2025-12-20,MKG,Y,Y,2108625,2051110.87,15864.13,0
2025-12-20,SMS,Y,Y,985465,0,0,9400
2025-12-21,MKG,Y,Y,1334025,1323148.18,10876.82,0
2025-12-21,SMS,Y,Y,1492090,0,17456.15,0
2025-12-22,MKG,Y,Y,1037025,1028094.64,8930.36,0
2025-12-22,SMS,Y,Y,813120,0,4974,0
2025-12-23,MKG,Y,Y,974165,968500.99,5664.01,0
2025-12-23,SMS,Y,Y,571725,0,3567.2,0
2025-12-24,MKG,Y,Y,1466655,1453774.21,12880.79,0
2025-12-24,SMS,Y,Y,715615,0,5489.58,0
2025-12-25,MKG,N,Y,0,3419623.1,27081.9,0
2025-12-25,SMS,Y,Y,1904595,0,14175.65,0
2025-12-26,MKG,Y,N,1690025,0,0,0
2025-12-26,SMS,Y,Y,959805,0,0,0
2025-12-27,MKG,Y,Y,1880340,1867382.56,12957.44,0
2025-12-27,SMS,Y,Y,1361745,0,11768.54,0
2025-12-28,MKG,Y,Y,2784705,2720503.33,27241.67,0
2025-12-28,SMS,Y,Y,1607195,0,14764.42,0
2025-12-29,MKG,Y,Y,1346730,1339193.54,10536.46,0
2025-12-29,SMS,Y,Y,1012755,100000,7224.56,25000
2025-12-30,MKG,Y,Y,1560405,1529523.43,12581.57,0
2025-12-30,SMS,Y,Y,836220,0,0,0
2025-12-31,MKG,Y,Y,2269650,2250124.69,19525.31,0
2025-12-31,SMS,Y,N,675675,0,0,0
2026-01-01,MKG,Y,Y,4218545,4184057.76,34487.24,0
2026-01-01,SMS,Y,Y,1591660,0,10068.77,17080
2026-01-02,MKG,Y,Y,1343695,1333653.78,10041.22,0
2026-01-02,SMS,Y,Y,854530,0,7618.44,0
2026-01-03,MKG,Y,Y,1695540,1683621.46,11918.54,0
2026-01-03,SMS,Y,Y,1039335,0,0,0
2026-01-04,MKG,Y,Y,2202585,2185670.71,16914.29,0
2026-01-04,SMS,Y,Y,1603415,0,14797.24,0
2026-01-05,MKG,Y,Y,509675,505627,4048,0
2026-01-05,SMS,Y,Y,170940,0,1198.57,0
2026-01-06,MKG,Y,Y,682090,674310.97,7779.03,0
2026-01-06,SMS,Y,Y,443430,0,4274.01,0
2026-01-07,MKG,Y,Y,963270,953282.2,9987.8,0
2026-01-07,SMS,Y,Y,673365,0,5655.54,0
2026-01-08,MKG,Y,Y,883730,878944.53,4785.47,0
2026-01-08,SMS,Y,Y,353750,0,4697.67,0
2026-01-09,MKG,Y,Y,688380,683144.67,5235.33,0
2026-01-09,SMS,Y,Y,659290,0,3341.03,37240
2026-01-10,MKG,Y,Y,2044895,2029554.73,15340.27,0
2026-01-10,SMS,Y,Y,1708490,0,0,0
2026-01-11,MKG,Y,Y,2290520,2172326.08,18193.92,0
2026-01-11,SMS,Y,Y,1451793,0,0,0
2026-01-12,MKG,Y,Y,1521000,1509101.33,11898.67,0
2026-01-12,SMS,Y,Y,484930,0,3394.51,0
2026-01-13,MKG,Y,Y,950050,942419.51,7630.49,0
2026-01-13,SMS,Y,Y,702665,100000,3573.55,25000
2026-01-14,MKG,Y,Y,965855,955102.83,10752.17,0
2026-01-14,SMS,Y,Y,234710,0,1642.96,0
2026-01-15,MKG,Y,Y,620235,616096.64,4138.36,0
2026-01-15,SMS,Y,Y,407625,0,3527.87,0
2026-01-16,MKG,Y,Y,2051070,2036595.01,14834.99,0
2026-01-16,SMS,Y,Y,1798505,0,17641.02,0
2026-01-17,MKG,Y,Y,1623930,1610015.64,13914.36,0
2026-01-17,SMS,Y,Y,1135640,0,11017.16,0
2026-01-18,MKG,Y,Y,684430,622293.24,4386.76,0
2026-01-18,SMS,Y,Y,1506985,0,14290.11,0
2026-01-19,MKG,Y,Y,329175,326225.44,2949.56,0
2026-01-19,SMS,Y,Y,190575,0,2114.6,0
2026-01-20,MKG,Y,Y,622545,617709.42,4835.58,0
2026-01-20,SMS,Y,Y,128205,0,897.43,0
2026-01-21,MKG,Y,Y,880350,871945.96,8404.04,0
2026-01-21,SMS,Y,Y,820480,0,920.53,0
2026-01-22,MKG,Y,Y,1085530,1077516.96,8013.04,0
2026-01-22,SMS,Y,Y,160545,0,2858.36,0
2026-01-23,MKG,Y,Y,443430,438788.59,4641.41,0
2026-01-23,SMS,Y,Y,546145,0,2858.36,0
2026-01-24,MKG,Y,Y,2482250,2373775.63,22074.37,0
2026-01-24,SMS,Y,Y,1141935,0,8060.24,17560
2026-01-25,MKG,Y,Y,2022345,2007865,14480,0
2026-01-25,SMS,Y,Y,2206645,0,18088.07,0
2026-01-26,MKG,Y,Y,490875,488417.18,2457.82,0
2026-01-26,SMS,Y,Y,539385,0,5876.78,0
2026-01-27,MKG,Y,Y,762620,753858.05,8761.95,0
2026-01-27,SMS,Y,Y,276045,0,2460.71,0
2026-01-28,MKG,Y,Y,872350,864423.56,7926.44,0
2026-01-28,SMS,Y,Y,410025,0,2647.83,0
2026-01-29,MKG,Y,Y,874335,865564.82,8770.18,0
2026-01-29,SMS,Y,Y,954975,0,6820.79,0
2026-01-30,MKG,Y,Y,991140,985536.06,5603.94,0
2026-01-30,SMS,Y,Y,626680,0,3961.13,0
2026-01-31,MKG,Y,Y,2084775,2188453.82,17596.18,0
2026-01-31,SMS,Y,Y,1842420,110400,15706.279999999999,16100
2026-02-01,MKG,Y,Y,2100945,816723.19,5636.81,0
2026-02-01,SMS,Y,Y,1860295,0,15136.17,0
2026-02-02,MKG,Y,Y,822360,973939.14,6930.86,0
2026-02-02,SMS,Y,Y,330240,0,3916.83,0
2026-02-03,MKG,Y,N,980870,0,0,0
2026-02-03,SMS,Y,Y,234465,0,1641.24,0
2026-02-04,MKG,Y,Y,527835,524769.07,3065.93,0
2026-02-04,SMB,Y,Y,23784920,23526740.97,74043.03,218872
2026-02-04,SMS,Y,Y,468020,0,3515.21,0
2026-02-05,MKG,Y,Y,1187340,1218067.33,9697.67,0
2026-02-05,SMS,Y,Y,552090,0,5333.88,0
2026-02-06,MKG,Y,Y,1192800,1184582.19,8217.81,0
2026-02-06,SMS,Y,Y,377685,0,2882.01,0
2026-02-07,MKG,Y,Y,2695255,2672873.76,22381.24,0
2026-02-07,SMS,Y,Y,1609375,0,11265.62,0
2026-02-08,MKG,Y,Y,3634615,3602353.23,32261.77,0
2026-02-08,SMS,Y,Y,2042880,0,14864.62,0
2026-02-09,MKG,Y,Y,766750,761986.25,4763.75,0
2026-02-09,SMS,Y,Y,634415,0,5533.51,0
2026-02-10,MKG,Y,Y,1208375,1199261.13,9113.87,0
2026-02-10,SMS,Y,Y,197505,0,1160.19,0
2026-02-11,MKG,Y,Y,639355,634298.53,5056.47,0
2026-02-11,SMS,Y,Y,83160,0,582.12,0
2026-02-12,MKG,Y,Y,852390,0,0,0
2026-02-12,SMS,Y,Y,621540,175800,2813.57,43800
2026-02-13,MKG,Y,N,1312080,0,0,0
2026-02-13,SMS,Y,Y,666230,139360,3924.49,34840
2026-02-14,MKG,Y,Y,2127830,0,13314.04,0
2026-02-14,SMS,Y,Y,1489305,35520,11296.69,8880
2026-02-15,MKG,Y,Y,2829750,0,25035.25,0
2026-02-15,SMS,Y,Y,1804385,0,13932.39,0
2026-02-16,MKG,Y,Y,1979990,1966059.2,13930.8,0
2026-02-16,SMS,Y,Y,1004365,0,6185.67,0
2026-02-17,MKG,Y,Y,2363130,2344344.14,18785.86,0
2026-02-17,SMS,Y,Y,912450,0,7738.62,0
2026-02-18,MKG,Y,Y,790875,746320.98,8749.02,0
2026-02-18,SMS,Y,Y,892605,0,5118.06,0
2026-02-19,MKG,Y,Y,477015,473898.25,3116.75,0
2026-02-19,SMS,Y,Y,416955,0,3398.96,0
2026-02-20,MKG,Y,Y,684810,679839.25,4970.75,0
2026-02-20,SMS,Y,Y,504735,0,3094.81,0
2026-02-21,MKG,Y,Y,1225730,1214937.62,10792.38,0
2026-02-21,SMS,Y,Y,785645,0,5499.51,0
2026-02-22,MKG,Y,N,1608675,0,0,0
2026-02-22,SMS,Y,N,1409100,0,0,0
2026-02-23,MKG,Y,N,538755,0,0,0
2026-02-23,SMS,Y,N,407990,0,0,0
2026-02-24,MKG,Y,N,356060,0,0,0
2026-02-24,SMS,Y,N,172095,0,0,0
2026-02-25,MKG,Y,N,802725,0,0,0
2026-02-25,SMS,Y,N,222915,0,0,0
2026-02-26,MKG,Y,N,582120,0,0,0
2026-02-26,SMS,Y,N,469570,0,0,0
2026-02-27,MKG,Y,N,715470,0,0,0
2026-02-27,SMS,Y,N,1063770,0,0,0
2026-02-28,MKG,Y,N,1349565,0,0,0
2026-02-28,SMS,Y,N,1259390,0,0,0
2026-03-01,MKG,Y,N,1707410,0,0,0
2026-03-01,SMS,Y,N,967890,0,0,0
2026-03-02,MKG,Y,N,464310,0,0,0
2026-03-02,SMS,Y,N,262185,0,0,0
2026-03-03,MKG,Y,N,838530,0,0,0
2026-03-03,SMS,Y,N,431970,0,0,0
2026-03-04,MKG,Y,N,389235,0,0,0
2026-03-04,SMS,Y,N,203280,0,0,0
2026-03-05,MKG,Y,N,636255,0,0,0
2026-03-05,SMS,Y,N,483750,0,0,0
2026-03-06,MKG,Y,N,814795,0,0,0
2026-03-06,SMS,Y,N,538475,0,0,0
2026-03-07,MKG,Y,N,7535055,0,0,0
2026-03-07,SMS,Y,N,1839920,0,0,0
2026-03-08,MKG,Y,N,1568735,0,0,0
2026-03-08,SMS,Y,N,1494345,0,0,0
2026-03-09,MKG,Y,N,813520,0,0,0
2026-03-09,SMS,Y,Y,762300,0,5132.81,0
2026-03-10,MKG,Y,N,206745,0,0,0
2026-03-10,SMS,Y,Y,120120,0,840.83,0
2026-03-11,MKG,Y,N,585070,0,0,0
2026-03-11,SMS,Y,Y,460845,0,2909.44,0
2026-03-12,MKG,Y,N,482790,0,0,0
2026-03-12,SMS,Y,Y,304920,0,3140.74,0
2026-03-13,MKG,Y,N,508200,0,0,0
2026-03-13,SMS,Y,Y,466620,0,3184.33,0
2026-03-14,MKG,Y,N,1827210,0,0,0
2026-03-14,SMS,Y,N,1234695,0,0,0
2026-03-15,MKG,Y,N,2361975,0,0,0
2026-03-15,SMS,Y,N,1288100,0,0,0
2026-03-16,MKG,Y,N,1331010,0,0,0
2026-03-16,SMS,Y,N,337260,0,0,0
2026-03-17,MKG,Y,N,1304365,0,0,0
2026-03-17,SMS,Y,N,467775,0,0,0
2026-03-18,MKG,Y,N,1683155,0,0,0
2026-03-18,SMB,Y,Y,1106810,1263668.32,8306.68,0
2026-03-18,SMS,Y,N,978285,0,0,0
2026-03-19,MKG,Y,N,2243650,0,0,0
2026-03-19,SMS,Y,N,1130745,0,0,0
2026-03-20,MKG,Y,N,1645875,0,0,0
2026-03-20,SMS,Y,N,1763170,0,0,0
2026-03-21,MKG,Y,N,1617000,0,0,0
2026-03-21,SMS,Y,N,858165,0,0,0
2026-03-22,MKG,Y,N,2486785,0,0,0
2026-03-22,SMS,Y,N,1353905,0,0,0
2026-03-23,MKG,Y,N,1266445,0,0,0
2026-03-23,SMS,Y,N,1048530,0,0,0
2026-03-24,MKG,Y,N,1243695,0,0,0
2026-03-24,SMS,Y,N,702240,0,0,0
2026-03-25,MKG,Y,N,881265,0,0,0
2026-03-25,SMS,Y,N,919625,0,0,0
2026-03-26,MKG,Y,N,247170,0,0,0
2026-03-26,SMS,Y,N,551060,0,0,0
2026-03-27,MKG,Y,N,1138195,0,0,0
2026-03-27,SMS,Y,N,332640,0,0,0
2026-03-28,MKG,Y,N,1277265,0,0,0
2026-03-28,SMS,Y,N,1292445,0,0,0
2026-03-29,MKG,Y,N,2814840,0,0,0
2026-03-29,SMS,Y,N,664635,0,0,0
2026-03-30,MKG,Y,N,366135,0,0,0
2026-03-30,SMS,Y,N,170940,0,0,0
2026-03-31,MKG,Y,N,386015,0,0,0
2026-03-31,SMS,Y,N,311850,0,0,0
2026-04-01,MKG,Y,N,448140,0,0,0
2026-04-01,SMS,Y,N,483945,0,0,0
2026-04-02,MKG,Y,N,148995,0,0,0
2026-04-02,SMS,Y,N,446985,0,0,0
2026-04-03,MKG,Y,N,2587200,0,0,0
2026-04-03,SMS,Y,N,1412810,0,0,0
2026-04-04,MKG,Y,N,1666280,0,0,0
2026-04-04,SMS,Y,N,1166065,0,0,0
2026-04-05,MKG,Y,N,1471380,0,0,0
2026-04-05,SMS,Y,N,1027950,0,0,0
2026-04-06,MKG,Y,N,310695,0,0,0
2026-04-06,SMS,Y,N,288235,0,0,0
2026-04-07,MKG,Y,N,535085,0,0,0
2026-04-07,SMS,Y,N,170940,0,0,0
2026-04-08,LA.PIAZZA,Y,Y,11994650,11650735.72,93579.28,7600
2026-04-08,MKG,Y,Y,678305,672550.57,5754.43,0
2026-04-08,SMS,Y,N,87780,0,0,0
2026-04-09,MKG,Y,N,536240,0,0,0
2026-04-09,SMS,Y,N,372885,0,0,0
2026-04-10,MKG,Y,N,744975,0,0,0
2026-04-10,SMS,Y,N,403095,0,0,0
2026-11-22,LA.PIAZZA,Y,N,37012035,0,0,0
2026-11-25,LA.PIAZZA,Y,N,14532355,0,0,0
2026-12-01,LA.PIAZZA,N,Y,0,11351632.72,135467.28,34460
2026-12-01,MKG,Y,N,683760,0,0,0
2026-12-02,MKG,Y,N,654765,0,0,0
2026-12-03,MKG,Y,N,977995,0,0,0
2026-12-25,MKG,Y,N,3446705,0,0,0