Nomor #,Tanggal Transaksi,Store
JV.2025.01.00064,01/01/2025,MKG
JV.2025.01.00065,01/01/2025,MKG
JV.2025.01.00011,01/01/2025,La Piazza
JV.2025.02.00326,01/02/2025,MKG
JV.2025.02.00029,01/02/2025,La Piazza
JV.2025.02.00320,01/02/2025,La Piazza
JV.2025.02.00034,01/02/2025,La Piazza
JV.2025.02.00612,01/02/2025,La Piazza
JV.2025.03.00054,01/03/2025,MKG
JV.2025.03.00058,01/03/2025,MKG
JV.2025.03.00053,01/03/2025,La Piazza
JV.2025.03.00064,01/03/2025,La Piazza
JV.2025.04.00890,01/04/2025,La Piazza
JV.2025.04.00240,01/04/2025,MKG
JV.2025.04.00145,01/04/2025,MKG
JV.2025.04.00006,01/04/2025,La Piazza
JV.2025.04.00032,01/04/2025,La Piazza
JV.2025.05.00166,01/05/2025,MKG
JV.2025.05.00161,01/05/2025,MKG
JV.2025.05.00150,01/05/2025,La Piazza
JV.2025.05.00145,01/05/2025,La Piazza
JV.2025.06.00848,01/06/2025,La Piazza
JV.2025.06.00623,01/06/2025,MKG
JV.2025.06.00697,01/06/2025,MKG
JV.2025.06.00239,01/06/2025,La Piazza
JV.2025.06.00258,01/06/2025,La Piazza
JV.2025.07.00184,01/07/2025,MKG
JV.2025.07.00193,01/07/2025,MKG
JV.2025.07.00170,01/07/2025,La Piazza
JV.2025.07.00177,01/07/2025,La Piazza
JV.2025.08.00185,01/08/2025,MKG
JV.2025.08.00191,01/08/2025,MKG
JV.2025.08.00197,01/08/2025,SMS
JV.2025.08.00203,01/08/2025,SMS
JV.2025.08.00425,01/08/2025,La Piazza
JV.2025.08.00431,01/08/2025,La Piazza
JV.2025.09.00165,01/09/2025,MKG
JV.2025.09.00178,01/09/2025,MKG
JV.2025.09.00180,01/09/2025,SMS
JV.2025.09.00193,01/09/2025,SMS
JV.2025.09.00150,01/09/2025,La Piazza
JV.2025.09.00163,01/09/2025,La Piazza
JV.2025.10.00282,01/10/2025,MKG
JV.2025.10.00309,01/10/2025,MKG
JV.2025.10.01118,01/10/2025,SMS
JV.2025.10.00321,01/10/2025,SMS
JV.2025.10.00254,01/10/2025,La Piazza
JV.2025.10.00274,01/10/2025,La Piazza
JV.2025.11.00440,01/11/2025,MKG
JV.2025.11.00844,01/11/2025,MKG
JV.2025.11.00680,01/11/2025,SMS
JV.2025.11.00832,01/11/2025,SMS
JV.2025.11.00112,01/11/2025,La Piazza
JV.2025.11.00980,01/11/2025,La Piazza
JV.2025.12.01416,01/12/2025,MKG
JV.2025.12.01446,01/12/2025,SMS
JV.2025.12.01478,01/12/2025,SMS
JV.2025.11.01036,01/12/2025,La Piazza
JV.2025.01.00081,02/01/2025,MKG
JV.2025.01.00082,02/01/2025,MKG
JV.2025.01.00013,02/01/2025,La Piazza
JV.2025.01.00037,02/01/2025,La Piazza
JV.2025.02.00327,02/02/2025,MKG
JV.2025.02.00030,02/02/2025,La Piazza
JV.2025.02.00321,02/02/2025,La Piazza
JV.2025.02.00035,02/02/2025,La Piazza
JV.2025.03.00055,02/03/2025,MKG
JV.2025.03.00056,02/03/2025,MKG
JV.2025.03.00052,02/03/2025,La Piazza
JV.2025.03.00065,02/03/2025,La Piazza
JV.2025.04.00891,02/04/2025,La Piazza
JV.2025.04.00241,02/04/2025,MKG
JV.2025.04.00146,02/04/2025,MKG
JV.2025.04.00038,02/04/2025,La Piazza
JV.2025.04.00137,02/04/2025,La Piazza
JV.2025.04.00138,02/04/2025,La Piazza
JV.2025.05.00167,02/05/2025,MKG
JV.2025.05.00162,02/05/2025,MKG
JV.2025.05.00151,02/05/2025,La Piazza
JV.2025.05.00146,02/05/2025,La Piazza
JV.2025.06.00849,02/06/2025,La Piazza
JV.2025.06.00624,02/06/2025,MKG
JV.2025.06.00698,02/06/2025,MKG
JV.2025.06.00240,02/06/2025,La Piazza
JV.2025.06.00257,02/06/2025,La Piazza
JV.2025.07.00185,02/07/2025,MKG
JV.2025.07.00194,02/07/2025,MKG
JV.2025.07.00171,02/07/2025,La Piazza
JV.2025.07.00178,02/07/2025,La Piazza
JV.2025.08.00186,02/08/2025,MKG
JV.2025.08.00192,02/08/2025,MKG
JV.2025.08.00198,02/08/2025,SMS
JV.2025.08.00204,02/08/2025,SMS
JV.2025.08.00426,02/08/2025,La Piazza
JV.2025.08.00432,02/08/2025,La Piazza
JV.2025.09.00166,02/09/2025,MKG
JV.2025.09.00177,02/09/2025,MKG
JV.2025.09.00181,02/09/2025,SMS
JV.2025.09.00192,02/09/2025,SMS
JV.2025.09.00151,02/09/2025,La Piazza
JV.2025.09.00162,02/09/2025,La Piazza
JV.2025.10.00283,02/10/2025,MKG
JV.2025.10.00308,02/10/2025,MKG
JV.2025.10.01138,02/10/2025,SMS
JV.2025.10.01119,02/10/2025,SMS
JV.2025.10.00320,02/10/2025,SMS
JV.2025.10.00255,02/10/2025,La Piazza
JV.2025.10.00273,02/10/2025,La Piazza
JV.2025.11.00441,02/11/2025,MKG
JV.2025.11.00845,02/11/2025,MKG
JV.2025.11.00681,02/11/2025,SMS
JV.2025.11.00833,02/11/2025,SMS
JV.2025.11.00113,02/11/2025,La Piazza
JV.2025.11.00981,02/11/2025,La Piazza
JV.2025.12.01417,02/12/2025,MKG
JV.2025.12.01447,02/12/2025,SMS
JV.2025.12.01479,02/12/2025,SMS
JV.2025.12.01510,02/12/2025,La Piazza
JV.2025.12.01511,02/12/2025,La Piazza
JV.2025.01.00083,03/01/2025,MKG
JV.2025.01.00084,03/01/2025,MKG
JV.2025.01.00089,03/01/2025,La Piazza
JV.2025.01.00090,03/01/2025,La Piazza
JV.2025.02.00328,03/02/2025,MKG
JV.2025.12.01480,03/02/2025,SMS
JV.2025.02.00032,03/02/2025,La Piazza
JV.2025.02.00037,03/02/2025,La Piazza
JV.2025.02.00311,03/02/2025,La Piazza
JV.2025.03.00300,03/03/2025,MKG
JV.2025.03.00311,03/03/2025,MKG
JV.2025.03.00051,03/03/2025,La Piazza
JV.2025.03.00110,03/03/2025,La Piazza
JV.2025.04.00242,03/04/2025,MKG
JV.2025.04.00147,03/04/2025,MKG
JV.2025.04.00040,03/04/2025,La Piazza
JV.2025.05.00147,03/04/2025,La Piazza
JV.2025.05.00168,03/05/2025,MKG
JV.2025.05.00163,03/05/2025,MKG
JV.2025.05.00152,03/05/2025,La Piazza
JV.2025.06.00625,03/06/2025,MKG
JV.2025.06.00699,03/06/2025,MKG
JV.2025.06.00241,03/06/2025,La Piazza
JV.2025.06.00255,03/06/2025,La Piazza
JV.2025.07.00186,03/07/2025,MKG
JV.2025.07.00195,03/07/2025,MKG
JV.2025.07.00172,03/07/2025,La Piazza
JV.2025.07.00026,03/07/2025,La Piazza
JV.2025.07.00179,03/07/2025,La Piazza
JV.2025.08.00187,03/08/2025,MKG
JV.2025.08.00193,03/08/2025,MKG
JV.2025.08.00199,03/08/2025,SMS
JV.2025.08.00205,03/08/2025,SMS
JV.2025.08.00427,03/08/2025,La Piazza
JV.2025.08.00433,03/08/2025,La Piazza
JV.2025.09.00167,03/09/2025,MKG
JV.2025.09.00176,03/09/2025,MKG
JV.2025.09.00182,03/09/2025,SMS
JV.2025.09.00191,03/09/2025,SMS
JV.2025.09.00152,03/09/2025,La Piazza
JV.2025.09.00161,03/09/2025,La Piazza
JV.2025.10.00284,03/10/2025,MKG
JV.2025.10.00307,03/10/2025,MKG
JV.2025.10.01139,03/10/2025,SMS
JV.2025.10.01120,03/10/2025,SMS
JV.2025.10.00319,03/10/2025,SMS
JV.2025.10.00256,03/10/2025,La Piazza
JV.2025.10.00272,03/10/2025,La Piazza
JV.2025.11.00442,03/11/2025,MKG
JV.2025.11.00846,03/11/2025,MKG
JV.2025.11.00682,03/11/2025,SMS
JV.2025.11.00834,03/11/2025,SMS
JV.2025.11.00114,03/11/2025,La Piazza
JV.2025.11.00982,03/11/2025,La Piazza
JV.2025.12.01418,03/12/2025,MKG
JV.2025.12.01448,03/12/2025,SMS
JV.2025.12.01512,03/12/2025,La Piazza
JV.2025.12.01513,03/12/2025,La Piazza
JV.2025.01.00085,04/01/2025,MKG
JV.2025.01.00086,04/01/2025,MKG
JV.2025.01.00091,04/01/2025,La Piazza
JV.2025.01.00092,04/01/2025,La Piazza
JV.2025.02.00335,04/02/2025,MKG
JV.2025.02.00112,04/02/2025,La Piazza
JV.2025.02.00116,04/02/2025,La Piazza
JV.2025.03.00301,04/03/2025,MKG
JV.2025.03.00312,04/03/2025,MKG
JV.2025.03.00104,04/03/2025,La Piazza
JV.2025.03.00109,04/03/2025,La Piazza
JV.2025.04.00243,04/04/2025,MKG
JV.2025.04.00148,04/04/2025,MKG
JV.2025.04.00066,04/04/2025,La Piazza
JV.2025.04.00139,04/04/2025,La Piazza
JV.2025.05.00169,04/05/2025,MKG
JV.2025.05.00164,04/05/2025,MKG
JV.2025.05.00153,04/05/2025,La Piazza
JV.2025.05.00148,04/05/2025,La Piazza
JV.2025.06.00626,04/06/2025,MKG
JV.2025.06.00700,04/06/2025,MKG
JV.2025.06.00242,04/06/2025,La Piazza
JV.2025.06.00254,04/06/2025,La Piazza
JV.2025.07.01005,04/07/2025,La Piazza
JV.2025.07.00187,04/07/2025,MKG
JV.2025.07.00196,04/07/2025,MKG
JV.2025.07.00173,04/07/2025,La Piazza
JV.2025.07.00180,04/07/2025,La Piazza
JV.2025.08.00188,04/08/2025,MKG
JV.2025.08.00194,04/08/2025,MKG
JV.2025.08.00200,04/08/2025,SMS
JV.2025.08.00206,04/08/2025,SMS
JV.2025.08.00428,04/08/2025,La Piazza
JV.2025.08.00434,04/08/2025,La Piazza
JV.2025.09.00168,04/09/2025,MKG
JV.2025.09.00175,04/09/2025,MKG
JV.2025.09.00183,04/09/2025,SMS
JV.2025.09.00190,04/09/2025,SMS
JV.2025.09.00153,04/09/2025,La Piazza
JV.2025.09.00160,04/09/2025,La Piazza
JV.2025.10.00285,04/10/2025,MKG
JV.2025.10.00306,04/10/2025,MKG
JV.2025.10.01140,04/10/2025,SMS
JV.2025.10.01121,04/10/2025,SMS
JV.2025.10.00318,04/10/2025,SMS
JV.2025.10.00257,04/10/2025,La Piazza
JV.2025.10.00271,04/10/2025,La Piazza
JV.2025.11.00448,04/11/2025,MKG
JV.2025.11.00847,04/11/2025,MKG
JV.2025.11.00683,04/11/2025,SMS
JV.2025.11.00835,04/11/2025,SMS
JV.2025.11.00115,04/11/2025,La Piazza
JV.2025.11.00983,04/11/2025,La Piazza
JV.2025.12.01388,04/12/2025,MKG
JV.2025.12.01419,04/12/2025,MKG
JV.2025.12.01449,04/12/2025,SMS
JV.2025.12.01481,04/12/2025,SMS
JV.2025.12.01514,04/12/2025,La Piazza
JV.2025.12.01515,04/12/2025,La Piazza
JV.2025.01.00087,05/01/2025,MKG
JV.2025.01.00088,05/01/2025,MKG
JV.2025.01.00093,05/01/2025,La Piazza
JV.2025.01.00094,05/01/2025,La Piazza
JV.2025.02.00329,05/02/2025,MKG
JV.2025.02.00113,05/02/2025,La Piazza
JV.2025.02.00117,05/02/2025,La Piazza
JV.2025.03.00302,05/03/2025,MKG
JV.2025.03.00313,05/03/2025,MKG
JV.2025.03.00106,05/03/2025,La Piazza
JV.2025.03.00111,05/03/2025,La Piazza
JV.2025.04.00244,05/04/2025,MKG
JV.2025.04.00149,05/04/2025,MKG
JV.2025.04.00134,05/04/2025,La Piazza
JV.2025.04.00140,05/04/2025,La Piazza
JV.2025.05.00170,05/05/2025,MKG
JV.2025.05.00165,05/05/2025,MKG
JV.2025.05.00154,05/05/2025,La Piazza
JV.2025.05.00149,05/05/2025,La Piazza
JV.2025.06.00627,05/06/2025,MKG
JV.2025.06.00701,05/06/2025,MKG
JV.2025.06.00243,05/06/2025,La Piazza
JV.2025.06.00253,05/06/2025,La Piazza
JV.2025.07.00188,05/07/2025,MKG
JV.2025.07.00197,05/07/2025,MKG
JV.2025.07.00174,05/07/2025,La Piazza
JV.2025.07.00181,05/07/2025,La Piazza
JV.2025.08.00189,05/08/2025,MKG
JV.2025.08.00195,05/08/2025,MKG
JV.2025.08.00201,05/08/2025,SMS
JV.2025.08.00207,05/08/2025,SMS
JV.2025.08.00429,05/08/2025,La Piazza
JV.2025.08.00435,05/08/2025,La Piazza
JV.2025.09.00169,05/09/2025,MKG
JV.2025.09.00174,05/09/2025,MKG
JV.2025.09.00184,05/09/2025,SMS
JV.2025.09.00189,05/09/2025,SMS
JV.2025.09.00154,05/09/2025,La Piazza
JV.2025.09.00159,05/09/2025,La Piazza
JV.2025.10.00286,05/10/2025,MKG
JV.2025.10.00305,05/10/2025,MKG
JV.2025.10.01141,05/10/2025,SMS
JV.2025.10.01122,05/10/2025,SMS
JV.2025.10.00317,05/10/2025,SMS
JV.2025.10.00258,05/10/2025,La Piazza
JV.2025.10.00270,05/10/2025,La Piazza
JV.2025.11.00449,05/11/2025,MKG
JV.2025.11.00848,05/11/2025,MKG
JV.2025.11.00684,05/11/2025,SMS
JV.2025.11.00836,05/11/2025,SMS
JV.2025.11.00116,05/11/2025,La Piazza
JV.2025.11.00984,05/11/2025,La Piazza
JV.2025.12.01389,05/12/2025,MKG
JV.2025.12.01420,05/12/2025,MKG
JV.2025.12.01450,05/12/2025,SMS
JV.2025.12.01482,05/12/2025,SMS
JV.2025.12.01516,05/12/2025,La Piazza
JV.2025.12.01517,05/12/2025,La Piazza
JV.2025.01.00184,06/01/2025,MKG
JV.2025.01.00185,06/01/2025,MKG
JV.2025.01.00119,06/01/2025,La Piazza
JV.2025.01.00120,06/01/2025,La Piazza
JV.2025.02.00330,06/02/2025,MKG
JV.2025.02.00114,06/02/2025,La Piazza
JV.2025.02.00118,06/02/2025,La Piazza
JV.2025.03.00304,06/03/2025,MKG
JV.2025.03.00314,06/03/2025,MKG
JV.2025.03.00107,06/03/2025,La Piazza
JV.2025.03.00487,06/03/2025,La Piazza
JV.2025.04.00150,06/04/2025,MKG
JV.2025.04.00135,06/04/2025,La Piazza
JV.2025.04.00141,06/04/2025,La Piazza
JV.2025.05.00972,06/05/2025,La Piazza
JV.2025.05.00326,06/05/2025,MKG
JV.2025.05.00334,06/05/2025,MKG
JV.2025.05.00155,06/05/2025,La Piazza
JV.2025.06.00850,06/06/2025,La Piazza
JV.2025.06.00628,06/06/2025,MKG
JV.2025.06.00838,06/06/2025,MKG
JV.2025.06.00244,06/06/2025,La Piazza
JV.2025.06.00252,06/06/2025,La Piazza
JV.2025.07.00189,06/07/2025,MKG
JV.2025.07.00192,06/07/2025,MKG
JV.2025.07.00175,06/07/2025,La Piazza
JV.2025.07.00182,06/07/2025,La Piazza
JV.2025.10.00269,06/07/2025,La Piazza
JV.2025.08.00190,06/08/2025,MKG
JV.2025.08.00196,06/08/2025,MKG
JV.2025.08.00202,06/08/2025,SMS
JV.2025.08.00208,06/08/2025,SMS
JV.2025.08.00430,06/08/2025,La Piazza
JV.2025.08.00436,06/08/2025,La Piazza
JV.2025.09.00170,06/09/2025,MKG
JV.2025.09.00173,06/09/2025,MKG
JV.2025.09.00185,06/09/2025,SMS
JV.2025.09.00188,06/09/2025,SMS
JV.2025.09.00155,06/09/2025,La Piazza
JV.2025.09.00158,06/09/2025,La Piazza
JV.2025.09.00349,06/09/2025,La Piazza
JV.2025.10.00287,06/10/2025,MKG
JV.2025.10.00304,06/10/2025,MKG
JV.2025.10.01142,06/10/2025,SMS
JV.2025.10.01123,06/10/2025,SMS
JV.2025.10.00316,06/10/2025,SMS
JV.2025.10.00259,06/10/2025,La Piazza
JV.2025.11.00450,06/11/2025,MKG
JV.2025.11.00849,06/11/2025,MKG
JV.2025.11.00685,06/11/2025,SMS
JV.2025.11.00837,06/11/2025,SMS
JV.2025.11.00117,06/11/2025,La Piazza
JV.2025.11.00985,06/11/2025,La Piazza
JV.2025.12.01390,06/12/2025,MKG
JV.2025.12.01421,06/12/2025,MKG
JV.2025.12.01451,06/12/2025,SMS
JV.2025.12.01483,06/12/2025,SMS
JV.2025.12.01518,06/12/2025,La Piazza
JV.2025.12.01519,06/12/2025,La Piazza
JV.2025.01.00172,07/01/2025,MKG
JV.2025.01.00178,07/01/2025,MKG
JV.2025.01.00121,07/01/2025,La Piazza
JV.2025.01.00122,07/01/2025,La Piazza
JV.2025.02.00331,07/02/2025,MKG
JV.2025.02.00304,07/02/2025,La Piazza
JV.2025.02.00893,07/02/2025,La Piazza
JV.2025.03.00305,07/03/2025,MKG
JV.2025.03.00315,07/03/2025,MKG
JV.2025.03.00490,07/03/2025,La Piazza
JV.2025.03.00488,07/03/2025,La Piazza
JV.2025.04.00246,07/04/2025,MKG
JV.2025.04.00151,07/04/2025,MKG
JV.2025.04.00136,07/04/2025,La Piazza
JV.2025.04.00142,07/04/2025,La Piazza
JV.2025.05.00327,07/05/2025,MKG
JV.2025.05.00335,07/05/2025,MKG
JV.2025.05.00251,07/05/2025,La Piazza
JV.2025.05.00255,07/05/2025,La Piazza
JV.2025.06.00851,07/06/2025,La Piazza
JV.2025.06.00629,07/06/2025,MKG
JV.2025.06.00839,07/06/2025,MKG
JV.2025.06.00245,07/06/2025,La Piazza
JV.2025.06.00251,07/06/2025,La Piazza
JV.2025.07.00190,07/07/2025,MKG
JV.2025.07.00191,07/07/2025,MKG
JV.2025.07.00176,07/07/2025,La Piazza
JV.2025.07.00183,07/07/2025,La Piazza
JV.2025.08.00172,07/08/2025,MKG
JV.2025.08.00175,07/08/2025,MKG
JV.2025.08.00173,07/08/2025,SMS
JV.2025.08.00174,07/08/2025,SMS
JV.2025.08.00171,07/08/2025,La Piazza
JV.2025.08.00437,07/08/2025,La Piazza
JV.2025.09.00171,07/09/2025,MKG
JV.2025.09.00172,07/09/2025,MKG
JV.2025.09.00186,07/09/2025,SMS
JV.2025.09.00187,07/09/2025,SMS
JV.2025.09.00156,07/09/2025,La Piazza
JV.2025.09.00157,07/09/2025,La Piazza
JV.2025.10.00288,07/10/2025,MKG
JV.2025.10.00302,07/10/2025,MKG
JV.2025.10.01143,07/10/2025,SMS
JV.2025.10.01124,07/10/2025,SMS
JV.2025.10.00315,07/10/2025,SMS
JV.2025.10.00260,07/10/2025,La Piazza
JV.2025.10.00268,07/10/2025,La Piazza
JV.2025.11.00451,07/11/2025,MKG
JV.2025.11.00850,07/11/2025,MKG
JV.2025.11.00686,07/11/2025,SMS
JV.2025.11.00838,07/11/2025,SMS
JV.2025.11.00118,07/11/2025,La Piazza
JV.2025.11.00986,07/11/2025,La Piazza
JV.2025.12.01391,07/12/2025,MKG
JV.2025.12.01422,07/12/2025,MKG
JV.2025.12.01452,07/12/2025,SMS
JV.2025.12.01484,07/12/2025,SMS
JV.2025.12.01520,07/12/2025,La Piazza
JV.2025.12.01521,07/12/2025,La Piazza
JV.2025.01.00173,08/01/2025,MKG
JV.2025.01.00179,08/01/2025,MKG
JV.2025.01.00123,08/01/2025,La Piazza
JV.2025.01.00124,08/01/2025,La Piazza
JV.2025.02.00332,08/02/2025,MKG
JV.2025.02.00305,08/02/2025,La Piazza
JV.2025.02.00312,08/02/2025,La Piazza
JV.2025.02.00314,08/02/2025,La Piazza
JV.2025.03.00306,08/03/2025,MKG
JV.2025.03.00316,08/03/2025,MKG
JV.2025.03.00295,08/03/2025,La Piazza
JV.2025.03.00290,08/03/2025,La Piazza
JV.2025.04.00247,08/04/2025,MKG
JV.2025.04.00235,08/04/2025,MKG
JV.2025.04.00186,08/04/2025,La Piazza
JV.2025.04.00896,08/04/2025,La Piazza
JV.2025.05.00328,08/05/2025,MKG
JV.2025.05.00336,08/05/2025,MKG
JV.2025.05.00254,08/05/2025,La Piazza
JV.2025.05.00256,08/05/2025,La Piazza
JV.2025.06.00852,08/06/2025,La Piazza
JV.2025.06.00630,08/06/2025,MKG
JV.2025.06.00840,08/06/2025,MKG
JV.2025.06.00246,08/06/2025,La Piazza
JV.2025.06.00248,08/06/2025,La Piazza
JV.2025.07.00378,08/07/2025,MKG
JV.2025.07.00379,08/07/2025,MKG
JV.2025.07.00416,08/07/2025,La Piazza
JV.2025.07.00631,08/07/2025,La Piazza
JV.2025.08.00180,08/08/2025,MKG
JV.2025.08.00183,08/08/2025,MKG
JV.2025.08.00179,08/08/2025,SMS
JV.2025.08.00184,08/08/2025,SMS
JV.2025.08.00181,08/08/2025,La Piazza
JV.2025.08.00182,08/08/2025,La Piazza
JV.2025.09.00356,08/09/2025,MKG
JV.2025.09.00363,08/09/2025,MKG
JV.2025.09.00370,08/09/2025,SMS
JV.2025.09.00377,08/09/2025,SMS
JV.2025.09.00341,08/09/2025,La Piazza
JV.2025.09.00348,08/09/2025,La Piazza
JV.2025.10.00289,08/10/2025,MKG
JV.2025.10.00300,08/10/2025,MKG
JV.2025.10.01144,08/10/2025,SMS
JV.2025.10.01125,08/10/2025,SMS
JV.2025.10.00314,08/10/2025,SMS
JV.2025.10.00261,08/10/2025,La Piazza
JV.2025.10.00264,08/10/2025,La Piazza
JV.2025.11.00452,08/11/2025,MKG
JV.2025.11.00851,08/11/2025,MKG
JV.2025.11.00687,08/11/2025,SMS
JV.2025.11.00839,08/11/2025,SMS
JV.2025.11.00119,08/11/2025,La Piazza
JV.2025.11.00987,08/11/2025,La Piazza
JV.2025.12.01392,08/12/2025,MKG
JV.2025.12.01423,08/12/2025,MKG
JV.2025.12.01453,08/12/2025,SMS
JV.2025.12.01485,08/12/2025,SMS
JV.2025.12.01522,08/12/2025,La Piazza
JV.2025.12.01523,08/12/2025,La Piazza
JV.2025.01.00174,09/01/2025,MKG
JV.2025.01.00180,09/01/2025,MKG
JV.2025.01.00274,09/01/2025,La Piazza
JV.2025.01.00288,09/01/2025,La Piazza
JV.2025.02.00333,09/02/2025,MKG
JV.2025.02.00306,09/02/2025,La Piazza
JV.2025.02.00315,09/02/2025,La Piazza
JV.2025.02.00313,09/02/2025,La Piazza
JV.2025.03.00307,09/03/2025,MKG
JV.2025.03.00317,09/03/2025,MKG
JV.2025.03.00296,09/03/2025,La Piazza
JV.2025.03.00291,09/03/2025,La Piazza
JV.2025.03.00801,09/03/2025,La Piazza
JV.2025.04.00248,09/04/2025,MKG
JV.2025.04.00236,09/04/2025,MKG
JV.2025.04.00187,09/04/2025,La Piazza
JV.2025.04.00897,09/04/2025,La Piazza
JV.2025.05.00329,09/05/2025,MKG
JV.2025.05.00337,09/05/2025,MKG
JV.2025.05.00315,09/05/2025,La Piazza
JV.2025.05.00320,09/05/2025,La Piazza
JV.2025.06.00677,09/06/2025,MKG
JV.2025.06.00621,09/06/2025,MKG
JV.2025.06.00247,09/06/2025,La Piazza
JV.2025.06.00495,09/06/2025,La Piazza
JV.2025.07.00377,09/07/2025,MKG
JV.2025.07.00380,09/07/2025,MKG
JV.2025.07.00614,09/07/2025,La Piazza
JV.2025.07.00632,09/07/2025,La Piazza
JV.2025.08.00213,09/08/2025,MKG
JV.2025.08.00216,09/08/2025,MKG
JV.2025.08.00217,09/08/2025,SMS
JV.2025.08.00220,09/08/2025,SMS
JV.2025.08.00209,09/08/2025,La Piazza
JV.2025.08.00221,09/08/2025,La Piazza
JV.2025.08.00212,09/08/2025,La Piazza
JV.2025.09.00357,09/09/2025,MKG
JV.2025.09.00364,09/09/2025,MKG
JV.2025.09.00371,09/09/2025,SMS
JV.2025.09.00378,09/09/2025,SMS
JV.2025.09.00342,09/09/2025,La Piazza
JV.2025.09.00350,09/09/2025,La Piazza
JV.2025.10.00290,09/10/2025,MKG
JV.2025.10.00298,09/10/2025,MKG
JV.2025.10.01145,09/10/2025,SMS
JV.2025.10.01126,09/10/2025,SMS
JV.2025.10.00313,09/10/2025,SMS
JV.2025.10.00262,09/10/2025,La Piazza
JV.2025.10.00263,09/10/2025,La Piazza
JV.2025.11.00453,09/11/2025,MKG
JV.2025.11.00852,09/11/2025,MKG
JV.2025.11.00688,09/11/2025,SMS
JV.2025.11.00840,09/11/2025,SMS
JV.2025.11.00263,09/11/2025,La Piazza
JV.2025.11.00988,09/11/2025,La Piazza
JV.2025.12.01393,09/12/2025,MKG
JV.2025.12.01424,09/12/2025,MKG
JV.2025.12.01454,09/12/2025,SMS
JV.2025.12.01486,09/12/2025,SMS
JV.2025.12.01524,09/12/2025,La Piazza
JV.2025.12.01525,09/12/2025,La Piazza
JV.2025.01.00175,10/01/2025,MKG
JV.2025.01.00181,10/01/2025,MKG
JV.2025.01.00282,10/01/2025,La Piazza
JV.2025.01.00287,10/01/2025,La Piazza
JV.2025.02.00334,10/02/2025,MKG
JV.2025.02.00307,10/02/2025,La Piazza
JV.2025.02.00316,10/02/2025,La Piazza
JV.2025.03.00308,10/03/2025,MKG
JV.2025.03.00318,10/03/2025,MKG
JV.2025.03.00297,10/03/2025,La Piazza
JV.2025.03.00292,10/03/2025,La Piazza
JV.2025.04.00249,10/04/2025,MKG
JV.2025.04.00237,10/04/2025,MKG
JV.2025.04.00231,10/04/2025,La Piazza
JV.2025.04.00234,10/04/2025,La Piazza
JV.2025.05.00330,10/05/2025,MKG
JV.2025.05.00338,10/05/2025,MKG
JV.2025.05.00316,10/05/2025,La Piazza
JV.2025.05.00321,10/05/2025,La Piazza
JV.2025.06.00799,10/06/2025,La Piazza
JV.2025.06.00678,10/06/2025,MKG
JV.2025.06.00622,10/06/2025,MKG
JV.2025.06.00496,10/06/2025,La Piazza
JV.2025.07.00376,10/07/2025,MKG
JV.2025.07.00381,10/07/2025,MKG
JV.2025.07.00615,10/07/2025,La Piazza
JV.2025.07.00633,10/07/2025,La Piazza
JV.2025.08.00214,10/08/2025,MKG
JV.2025.08.00215,10/08/2025,MKG
JV.2025.08.00218,10/08/2025,SMS
JV.2025.08.00219,10/08/2025,SMS
JV.2025.08.00210,10/08/2025,La Piazza
JV.2025.08.00211,10/08/2025,La Piazza
JV.2025.08.00453,10/08/2025,La Piazza
JV.2025.09.00358,10/09/2025,MKG
JV.2025.09.00365,10/09/2025,MKG
JV.2025.09.00372,10/09/2025,SMS
JV.2025.09.00379,10/09/2025,SMS
JV.2025.09.00343,10/09/2025,La Piazza
JV.2025.09.00351,10/09/2025,La Piazza
JV.2025.10.00291,10/10/2025,MKG
JV.2025.10.00296,10/10/2025,MKG
JV.2025.10.01146,10/10/2025,SMS
JV.2025.10.00312,10/10/2025,SMS
JV.2025.10.00266,10/10/2025,La Piazza
JV.2025.10.01251,10/10/2025,La Piazza
JV.2025.10.00267,10/10/2025,La Piazza
JV.2025.11.00454,10/11/2025,MKG
JV.2025.11.00853,10/11/2025,MKG
JV.2025.11.00689,10/11/2025,SMS
JV.2025.11.00841,10/11/2025,SMS
JV.2025.11.00264,10/11/2025,La Piazza
JV.2025.11.00989,10/11/2025,La Piazza
JV.2025.12.01394,10/12/2025,MKG
JV.2025.12.01425,10/12/2025,MKG
JV.2025.12.01455,10/12/2025,SMS
JV.2025.12.01487,10/12/2025,SMS
JV.2025.12.01526,10/12/2025,La Piazza
JV.2025.12.01527,10/12/2025,La Piazza
JV.2025.01.00176,11/01/2025,MKG
JV.2025.01.00182,11/01/2025,MKG
JV.2025.01.00284,11/01/2025,La Piazza
JV.2025.01.00289,11/01/2025,La Piazza
JV.2025.02.00336,11/02/2025,MKG
JV.2025.02.00308,11/02/2025,La Piazza
JV.2025.02.00317,11/02/2025,La Piazza
JV.2025.03.00309,11/03/2025,MKG
JV.2025.03.00319,11/03/2025,MKG
JV.2025.03.00299,11/03/2025,La Piazza
JV.2025.03.00293,11/03/2025,La Piazza
JV.2025.04.00250,11/04/2025,MKG
JV.2025.04.00238,11/04/2025,MKG
JV.2025.04.00232,11/04/2025,La Piazza
JV.2025.04.00233,11/04/2025,La Piazza
JV.2025.05.00331,11/05/2025,MKG
JV.2025.05.00339,11/05/2025,MKG
JV.2025.05.00317,11/05/2025,La Piazza
JV.2025.05.00322,11/05/2025,La Piazza
JV.2025.06.00679,11/06/2025,MKG
JV.2025.06.00806,11/06/2025,MKG
JV.2025.06.00483,11/06/2025,La Piazza
JV.2025.06.00497,11/06/2025,La Piazza
JV.2025.07.00375,11/07/2025,MKG
JV.2025.07.00382,11/07/2025,MKG
JV.2025.07.00616,11/07/2025,La Piazza
JV.2025.07.00634,11/07/2025,La Piazza
JV.2025.08.00275,11/08/2025,MKG
JV.2025.08.00276,11/08/2025,MKG
JV.2025.08.00277,11/08/2025,SMS
JV.2025.08.00278,11/08/2025,SMS
JV.2025.08.00273,11/08/2025,La Piazza
JV.2025.08.00274,11/08/2025,La Piazza
JV.2025.09.00359,11/09/2025,MKG
JV.2025.09.00366,11/09/2025,MKG
JV.2025.09.00373,11/09/2025,SMS
JV.2025.09.00380,11/09/2025,SMS
JV.2025.09.00344,11/09/2025,La Piazza
JV.2025.09.00352,11/09/2025,La Piazza
JV.2025.10.01098,11/10/2025,MKG
JV.2025.10.01196,11/10/2025,MKG
JV.2025.10.01147,11/10/2025,SMS
JV.2025.10.01171,11/10/2025,SMS
JV.2025.10.00992,11/10/2025,La Piazza
JV.2025.10.01218,11/10/2025,La Piazza
JV.2025.11.00455,11/11/2025,MKG
JV.2025.11.00854,11/11/2025,MKG
JV.2025.11.00690,11/11/2025,SMS
JV.2025.11.00809,11/11/2025,SMS
JV.2025.11.00265,11/11/2025,La Piazza
JV.2025.11.00990,11/11/2025,La Piazza
JV.2025.12.01395,11/12/2025,MKG
JV.2025.12.01426,11/12/2025,MKG
JV.2025.12.01456,11/12/2025,SMS
JV.2025.12.01488,11/12/2025,SMS
JV.2025.12.01528,11/12/2025,La Piazza
JV.2025.12.01529,11/12/2025,La Piazza
JV.2025.01.00177,12/01/2025,MKG
JV.2025.01.00183,12/01/2025,MKG
JV.2025.01.00285,12/01/2025,La Piazza
JV.2025.01.00290,12/01/2025,La Piazza
JV.2025.02.00398,12/02/2025,MKG
JV.2025.02.00616,12/02/2025,MKG
JV.2025.02.00309,12/02/2025,La Piazza
JV.2025.02.00318,12/02/2025,La Piazza
JV.2025.03.00310,12/03/2025,MKG
JV.2025.03.00320,12/03/2025,MKG
JV.2025.03.00491,12/03/2025,La Piazza
JV.2025.03.00489,12/03/2025,La Piazza
JV.2025.04.00351,12/04/2025,MKG
JV.2025.04.00358,12/04/2025,MKG
JV.2025.04.00348,12/04/2025,La Piazza
JV.2025.04.00467,12/04/2025,La Piazza
JV.2025.04.00466,12/04/2025,La Piazza
JV.2025.05.00332,12/05/2025,MKG
JV.2025.05.00340,12/05/2025,MKG
JV.2025.05.00318,12/05/2025,La Piazza
JV.2025.05.00323,12/05/2025,La Piazza
JV.2025.06.00484,12/06/2025,La Piazza
JV.2025.06.00680,12/06/2025,MKG
JV.2025.06.00807,12/06/2025,MKG
JV.2025.06.00498,12/06/2025,La Piazza
JV.2025.07.00374,12/07/2025,MKG
JV.2025.07.00383,12/07/2025,MKG
JV.2025.07.00617,12/07/2025,La Piazza
JV.2025.07.00635,12/07/2025,La Piazza
JV.2025.08.00390,12/08/2025,MKG
JV.2025.08.00389,12/08/2025,SMS
JV.2025.08.00393,12/08/2025,SMS
JV.2025.08.00380,12/08/2025,La Piazza
JV.2025.08.00396,12/08/2025,La Piazza
JV.2025.09.00360,12/09/2025,MKG
JV.2025.09.00367,12/09/2025,MKG
JV.2025.09.00374,12/09/2025,SMS
JV.2025.09.00381,12/09/2025,SMS
JV.2025.09.00345,12/09/2025,La Piazza
JV.2025.09.00353,12/09/2025,La Piazza
JV.2025.10.01099,12/10/2025,MKG
JV.2025.10.01197,12/10/2025,MKG
JV.2025.10.01148,12/10/2025,SMS
JV.2025.10.01172,12/10/2025,SMS
JV.2025.10.00993,12/10/2025,La Piazza
JV.2025.10.01219,12/10/2025,La Piazza
JV.2025.11.00456,12/11/2025,MKG
JV.2025.11.00855,12/11/2025,MKG
JV.2025.11.00691,12/11/2025,SMS
JV.2025.11.00810,12/11/2025,SMS
JV.2025.11.00266,12/11/2025,La Piazza
JV.2025.11.00991,12/11/2025,La Piazza
JV.2025.12.01531,12/12/2025,BSD
JV.2025.12.01396,12/12/2025,MKG
JV.2025.12.01427,12/12/2025,MKG
JV.2025.12.01457,12/12/2025,SMS
JV.2025.12.01489,12/12/2025,SMS
JV.2025.12.01530,12/12/2025,La Piazza
JV.2026.01.01211,01/01/2026,MKG
JV.2026.01.01130,01/01/2026,MKG
JV.2026.01.01162,01/01/2026,SMS
JV.2026.01.01193,01/01/2026,SMS
JV.2026.02.00625,01/02/2026,MKG
JV.2026.02.00442,01/02/2026,MKG
JV.2026.02.00568,01/02/2026,SMS
JV.2026.02.01231,01/02/2026,SMS
JV.2026.03.00011,01/03/2026,MKG
JV.2026.03.00010,01/03/2026,SMS
JV.2026.04.00044,01/04/2026,MKG
JV.2026.04.00043,01/04/2026,SMS
JV.2025.12.01385,01/12/2026,MKG
JV.2025.12.01509,01/12/2026,La Piazza
JV.2026.01.01212,02/01/2026,MKG
JV.2026.01.01131,02/01/2026,MKG
JV.2026.01.01163,02/01/2026,SMS
JV.2026.01.01194,02/01/2026,SMS
JV.2026.02.00627,02/02/2026,MKG
JV.2026.02.00443,02/02/2026,MKG
JV.2026.02.00569,02/02/2026,SMS
JV.2026.02.01232,02/02/2026,SMS
JV.2026.03.00187,02/03/2026,MKG
JV.2026.03.00186,02/03/2026,SMS
JV.2026.04.00467,02/04/2026,MKG
JV.2026.04.00466,02/04/2026,SMS
JV.2025.12.01386,02/12/2026,MKG
JV.2026.01.01213,03/01/2026,MKG
JV.2026.01.01132,03/01/2026,MKG
JV.2026.01.01164,03/01/2026,SMS
JV.2026.01.01195,03/01/2026,SMS
JV.2026.02.00629,03/02/2026,MKG
JV.2026.02.00578,03/02/2026,SMS
JV.2026.02.01233,03/02/2026,SMS
JV.2026.03.00215,03/03/2026,MKG
JV.2026.03.00188,03/03/2026,SMS
JV.2026.04.00472,03/04/2026,MKG
JV.2026.04.00468,03/04/2026,SMS
JV.2025.12.01387,03/12/2026,MKG
JV.2026.01.01214,04/01/2026,MKG
JV.2026.01.01133,04/01/2026,MKG
JV.2026.02.00453,04/01/2026,SMS
JV.2026.01.01196,04/01/2026,SMS
JV.2026.02.00631,04/02/2026,MKG
JV.2026.02.00444,04/02/2026,MKG
JV.2026.02.01732,04/02/2026,SMB
JV.2026.02.01733,04/02/2026,SMB
JV.2026.02.00579,04/02/2026,SMS
JV.2026.02.01234,04/02/2026,SMS
JV.2026.03.00217,04/03/2026,MKG
JV.2026.03.00216,04/03/2026,SMS
JV.2026.04.00474,04/04/2026,MKG
JV.2026.04.00473,04/04/2026,SMS
JV.2026.01.01215,05/01/2026,MKG
JV.2026.01.01134,05/01/2026,MKG
JV.2026.01.01165,05/01/2026,SMS
JV.2026.01.01197,05/01/2026,SMS
JV.2026.02.00632,05/02/2026,MKG
JV.2026.02.00445,05/02/2026,MKG
JV.2026.02.00580,05/02/2026,SMS
JV.2026.02.01235,05/02/2026,SMS
JV.2026.03.00219,05/03/2026,MKG
JV.2026.03.00218,05/03/2026,SMS
JV.2026.04.00477,05/04/2026,MKG
JV.2026.04.00475,05/04/2026,SMS
JV.2026.01.01216,06/01/2026,MKG
JV.2026.01.01135,06/01/2026,MKG
JV.2026.01.01166,06/01/2026,SMS
JV.2026.01.01198,06/01/2026,SMS
JV.2026.02.00633,06/02/2026,MKG
JV.2026.02.00446,06/02/2026,MKG
JV.2026.02.00581,06/02/2026,SMS
JV.2026.02.01236,06/02/2026,SMS
JV.2026.03.00222,06/03/2026,MKG
JV.2026.03.00220,06/03/2026,SMS
JV.2026.04.00479,06/04/2026,MKG
JV.2026.04.00478,06/04/2026,SMS
JV.2026.01.01217,07/01/2026,MKG
JV.2026.01.01136,07/01/2026,MKG
JV.2026.01.01167,07/01/2026,SMS
JV.2026.01.01199,07/01/2026,SMS
JV.2026.02.00635,07/02/2026,MKG
JV.2026.02.00447,07/02/2026,MKG
JV.2026.02.00583,07/02/2026,SMS
JV.2026.02.01237,07/02/2026,SMS
JV.2026.03.00225,07/03/2026,MKG
JV.2026.03.00223,07/03/2026,SMS
JV.2026.04.00482,07/04/2026,MKG
JV.2026.04.00481,07/04/2026,SMS
JV.2026.01.01218,08/01/2026,MKG
JV.2026.01.01137,08/01/2026,MKG
JV.2026.01.01168,08/01/2026,SMS
JV.2026.01.01200,08/01/2026,SMS
JV.2026.02.00636,08/02/2026,MKG
JV.2026.02.00448,08/02/2026,MKG
JV.2026.02.00584,08/02/2026,SMS
JV.2026.02.01238,08/02/2026,SMS
JV.2026.03.00227,08/03/2026,MKG
JV.2026.03.00226,08/03/2026,SMS
JV.2026.04.00339,08/04/2026,MKG
JV.2026.04.00340,08/04/2026,MKG
JV.2026.04.00484,08/04/2026,SMS
JV.2026.04.00334,08/04/2026,La Piazza
JV.2026.04.00336,08/04/2026,La Piazza
JV.2026.01.01219,09/01/2026,MKG
JV.2026.01.01138,09/01/2026,MKG
JV.2026.01.01169,09/01/2026,SMS
JV.2026.01.01201,09/01/2026,SMS
JV.2026.02.00637,09/02/2026,MKG
JV.2026.02.00449,09/02/2026,MKG
JV.2026.02.00585,09/02/2026,SMS
JV.2026.02.01239,09/02/2026,SMS
JV.2026.03.00252,09/03/2026,MKG
JV.2026.03.00251,09/03/2026,SMS
JV.2026.03.00629,09/03/2026,SMS
JV.2026.04.00487,09/04/2026,MKG
JV.2026.04.00486,09/04/2026,SMS
JV.2026.01.01220,10/01/2026,MKG
JV.2026.01.01139,10/01/2026,MKG
JV.2026.01.01170,10/01/2026,SMS
JV.2026.01.01202,10/01/2026,SMS
JV.2026.02.00639,10/02/2026,MKG
JV.2026.02.00450,10/02/2026,MKG
JV.2026.02.00586,10/02/2026,SMS
JV.2026.02.01240,10/02/2026,SMS
JV.2026.03.00299,10/03/2026,MKG
JV.2026.03.00296,10/03/2026,SMS
JV.2026.03.00628,10/03/2026,SMS
JV.2026.04.00544,10/04/2026,MKG
JV.2026.04.00543,10/04/2026,SMS
JV.2026.01.01221,11/01/2026,MKG
JV.2026.01.01140,11/01/2026,MKG
JV.2026.01.01171,11/01/2026,SMS
JV.2026.01.01203,11/01/2026,SMS
JV.2026.02.00640,11/02/2026,MKG
JV.2026.02.01253,11/02/2026,MKG
JV.2026.02.00587,11/02/2026,SMS
JV.2026.02.01241,11/02/2026,SMS
JV.2026.03.00392,11/03/2026,MKG
JV.2026.03.00391,11/03/2026,SMS
JV.2026.03.00627,11/03/2026,SMS
JV.2026.01.01222,12/01/2026,MKG
JV.2026.01.01141,12/01/2026,MKG
JV.2026.01.01172,12/01/2026,SMS
JV.2026.01.01204,12/01/2026,SMS
JV.2026.02.00641,12/02/2026,MKG
JV.2026.02.01254,12/02/2026,MKG
JV.2026.02.00588,12/02/2026,SMS
JV.2026.02.01242,12/02/2026,SMS
JV.2026.03.00626,12/03/2026,SMS
JV.2026.03.00493,12/03/2026,MKG
JV.2026.03.00492,12/03/2026,SMS
JV.2025.01.00352,13/01/2025,MKG
JV.2025.01.00353,13/01/2025,MKG
JV.2025.01.00355,13/01/2025,MKG
JV.2025.01.00286,13/01/2025,La Piazza
JV.2025.01.00291,13/01/2025,La Piazza
JV.2026.01.01223,13/01/2026,MKG
JV.2026.01.01142,13/01/2026,MKG
JV.2026.01.01173,13/01/2026,SMS
JV.2026.01.01368,13/01/2026,SMS
JV.2025.02.00399,13/02/2025,MKG
JV.2025.02.00617,13/02/2025,MKG
JV.2025.02.00310,13/02/2025,La Piazza
JV.2025.02.00605,13/02/2025,La Piazza
JV.2026.02.00642,13/02/2026,MKG
JV.2026.02.00648,13/02/2026,SMS
JV.2026.02.01243,13/02/2026,SMS
JV.2025.03.00381,13/03/2025,MKG
JV.2025.03.00382,13/03/2025,MKG
JV.2025.03.00376,13/03/2025,La Piazza
JV.2025.03.00378,13/03/2025,La Piazza
JV.2026.03.00657,13/03/2026,MKG
JV.2026.03.00621,13/03/2026,SMS
JV.2026.03.00623,13/03/2026,SMS
JV.2025.04.00352,13/04/2025,MKG
JV.2025.04.00357,13/04/2025,MKG
JV.2025.04.00349,13/04/2025,La Piazza
JV.2025.04.00465,13/04/2025,La Piazza
JV.2025.04.00814,13/04/2025,La Piazza
JV.2025.05.00333,13/05/2025,MKG
JV.2025.05.00341,13/05/2025,MKG
JV.2025.05.00319,13/05/2025,La Piazza
JV.2025.05.00324,13/05/2025,La Piazza
JV.2025.06.00681,13/06/2025,MKG
JV.2025.07.00045,13/06/2025,MKG
JV.2025.06.00485,13/06/2025,La Piazza
JV.2025.06.00499,13/06/2025,La Piazza
JV.2025.07.00373,13/07/2025,MKG
JV.2025.07.00384,13/07/2025,MKG
JV.2025.07.00618,13/07/2025,La Piazza
JV.2025.07.00636,13/07/2025,La Piazza
JV.2025.08.00386,13/08/2025,MKG
JV.2025.08.00391,13/08/2025,MKG
JV.2025.08.00387,13/08/2025,SMS
JV.2025.08.00394,13/08/2025,SMS
JV.2025.08.00383,13/08/2025,La Piazza
JV.2025.08.00397,13/08/2025,La Piazza
JV.2025.09.00361,13/09/2025,MKG
JV.2025.09.00368,13/09/2025,MKG
JV.2025.09.01273,13/09/2025,SMS
JV.2025.09.00346,13/09/2025,La Piazza
JV.2025.09.00354,13/09/2025,La Piazza
JV.2025.10.01100,13/10/2025,MKG
JV.2025.10.01198,13/10/2025,MKG
JV.2025.10.01149,13/10/2025,SMS
JV.2025.10.01173,13/10/2025,SMS
JV.2025.10.00994,13/10/2025,La Piazza
JV.2025.10.01220,13/10/2025,La Piazza
JV.2025.11.00457,13/11/2025,MKG
JV.2025.11.00856,13/11/2025,MKG
JV.2025.11.00791,13/11/2025,SMS
JV.2025.11.00811,13/11/2025,SMS
JV.2025.11.00267,13/11/2025,La Piazza
JV.2025.11.00992,13/11/2025,La Piazza
JV.2025.12.01397,13/12/2025,MKG
JV.2025.12.01428,13/12/2025,MKG
JV.2025.12.01458,13/12/2025,SMS
JV.2025.12.01490,13/12/2025,SMS
JV.2025.01.00354,14/01/2025,MKG
JV.2025.01.00342,14/01/2025,La Piazza
JV.2025.01.00344,14/01/2025,La Piazza
JV.2026.01.01224,14/01/2026,MKG
JV.2026.01.01143,14/01/2026,MKG
JV.2026.01.01174,14/01/2026,SMS
JV.2026.01.01369,14/01/2026,SMS
JV.2025.02.00400,14/02/2025,MKG
JV.2025.02.00618,14/02/2025,MKG
JV.2025.02.00394,14/02/2025,La Piazza
JV.2025.02.00606,14/02/2025,La Piazza
JV.2026.02.00644,14/02/2026,MKG
JV.2026.02.01255,14/02/2026,MKG
JV.2026.02.00649,14/02/2026,SMS
JV.2026.02.01244,14/02/2026,SMS
JV.2025.03.00380,14/03/2025,MKG
JV.2025.03.00383,14/03/2025,MKG
JV.2025.03.00377,14/03/2025,La Piazza
JV.2025.03.00379,14/03/2025,La Piazza
JV.2026.03.00701,14/03/2026,MKG
JV.2026.03.00700,14/03/2026,SMS
JV.2025.04.00353,14/04/2025,MKG
JV.2025.04.00356,14/04/2025,MKG
JV.2025.04.00350,14/04/2025,La Piazza
JV.2025.04.00464,14/04/2025,La Piazza
JV.2025.05.00392,14/05/2025,MKG
JV.2025.05.00442,14/05/2025,MKG
JV.2025.05.00391,14/05/2025,La Piazza
JV.2025.05.00445,14/05/2025,La Piazza
JV.2025.06.00800,14/06/2025,La Piazza
JV.2025.06.00682,14/06/2025,MKG
JV.2025.06.00808,14/06/2025,MKG
JV.2025.06.00486,14/06/2025,La Piazza
JV.2025.06.00500,14/06/2025,La Piazza
JV.2025.07.00372,14/07/2025,MKG
JV.2025.07.00598,14/07/2025,MKG
JV.2025.07.00385,14/07/2025,MKG
JV.2025.07.00619,14/07/2025,La Piazza
JV.2025.07.00637,14/07/2025,La Piazza
JV.2025.08.00385,14/08/2025,MKG
JV.2025.08.00392,14/08/2025,MKG
JV.2025.08.00388,14/08/2025,SMS
JV.2025.08.00395,14/08/2025,SMS
JV.2025.08.00384,14/08/2025,La Piazza
JV.2025.08.00398,14/08/2025,La Piazza
JV.2025.09.00362,14/09/2025,MKG
JV.2025.09.00369,14/09/2025,MKG
JV.2025.09.00376,14/09/2025,SMS
JV.2025.09.00382,14/09/2025,SMS
JV.2025.09.00347,14/09/2025,La Piazza
JV.2025.09.00355,14/09/2025,La Piazza
JV.2025.11.00439,14/10/2025,MKG
JV.2025.10.01199,14/10/2025,MKG
JV.2025.10.01150,14/10/2025,SMS
JV.2025.10.01174,14/10/2025,SMS
JV.2025.10.00995,14/10/2025,La Piazza
JV.2025.10.01221,14/10/2025,La Piazza
JV.2025.11.00458,14/11/2025,MKG
JV.2025.11.00857,14/11/2025,MKG
JV.2025.11.00792,14/11/2025,SMS
JV.2025.11.00812,14/11/2025,SMS
JV.2025.11.00431,14/11/2025,La Piazza
JV.2025.11.00993,14/11/2025,La Piazza
JV.2025.12.01533,14/12/2025,BSD
JV.2025.12.01398,14/12/2025,MKG
JV.2025.12.01429,14/12/2025,MKG
JV.2025.12.01459,14/12/2025,SMS
JV.2025.12.01491,14/12/2025,SMS
JV.2025.01.00356,15/01/2025,MKG
JV.2025.01.00357,15/01/2025,MKG
JV.2025.01.00345,15/01/2025,La Piazza
JV.2025.01.00346,15/01/2025,La Piazza
JV.2026.01.01225,15/01/2026,MKG
JV.2026.01.01144,15/01/2026,MKG
JV.2026.01.01175,15/01/2026,SMS
JV.2026.01.01370,15/01/2026,SMS
JV.2025.02.00401,15/02/2025,MKG
JV.2025.02.00619,15/02/2025,MKG
JV.2025.02.00395,15/02/2025,La Piazza
JV.2025.02.00609,15/02/2025,La Piazza
JV.2026.02.00646,15/02/2026,MKG
JV.2026.02.01256,15/02/2026,MKG
JV.2026.02.00650,15/02/2026,SMS
JV.2026.02.01245,15/02/2026,SMS
JV.2025.03.00426,15/03/2025,MKG
JV.2025.03.00482,15/03/2025,MKG
JV.2025.03.00431,15/03/2025,La Piazza
JV.2025.03.00459,15/03/2025,La Piazza
JV.2026.03.00703,15/03/2026,MKG
JV.2026.03.00702,15/03/2026,SMS
JV.2025.04.00354,15/04/2025,MKG
JV.2025.04.00355,15/04/2025,MKG
JV.2025.04.00374,15/04/2025,La Piazza
JV.2025.04.00463,15/04/2025,La Piazza
JV.2025.05.00440,15/05/2025,MKG
JV.2025.05.00441,15/05/2025,MKG
JV.2025.05.00443,15/05/2025,La Piazza
JV.2025.05.00444,15/05/2025,La Piazza
JV.2025.06.00683,15/06/2025,MKG
JV.2025.06.00809,15/06/2025,MKG
JV.2025.06.00487,15/06/2025,La Piazza
JV.2025.06.00501,15/06/2025,La Piazza
JV.2025.07.00609,15/07/2025,MKG
JV.2025.07.00620,15/07/2025,La Piazza
JV.2025.07.00638,15/07/2025,La Piazza
JV.2025.08.00403,15/08/2025,MKG
JV.2025.08.00406,15/08/2025,MKG
JV.2025.08.00404,15/08/2025,SMS
JV.2025.08.00407,15/08/2025,SMS
JV.2025.08.00402,15/08/2025,La Piazza
JV.2025.08.00405,15/08/2025,La Piazza
JV.2025.09.00619,15/09/2025,MKG
JV.2025.09.00620,15/09/2025,MKG
JV.2025.09.00631,15/09/2025,SMS
JV.2025.09.00632,15/09/2025,SMS
JV.2025.09.00586,15/09/2025,La Piazza
JV.2025.09.00591,15/09/2025,La Piazza
JV.2025.10.01101,15/10/2025,MKG
JV.2025.10.01200,15/10/2025,MKG
JV.2025.10.01151,15/10/2025,SMS
JV.2025.10.01175,15/10/2025,SMS
JV.2025.10.00996,15/10/2025,La Piazza
JV.2025.10.01222,15/10/2025,La Piazza
JV.2025.11.00459,15/11/2025,MKG
JV.2025.11.00858,15/11/2025,MKG
JV.2025.11.00793,15/11/2025,SMS
JV.2025.11.00813,15/11/2025,SMS
JV.2025.11.00432,15/11/2025,La Piazza
JV.2025.11.00994,15/11/2025,La Piazza
JV.2025.12.01534,15/12/2025,BSD
JV.2025.12.01535,15/12/2025,BSD
JV.2025.12.01399,15/12/2025,MKG
JV.2025.12.01400,15/12/2025,MKG
JV.2025.12.01430,15/12/2025,MKG
JV.2025.12.01460,15/12/2025,SMS
JV.2025.12.01492,15/12/2025,SMS
JV.2025.01.00358,16/01/2025,MKG
JV.2025.01.00359,16/01/2025,MKG
JV.2025.01.00347,16/01/2025,La Piazza
JV.2025.01.00348,16/01/2025,La Piazza
JV.2026.01.01226,16/01/2026,MKG
JV.2026.01.01145,16/01/2026,MKG
JV.2026.01.01176,16/01/2026,SMS
JV.2026.01.01371,16/01/2026,SMS
JV.2025.02.00402,16/02/2025,MKG
JV.2025.02.00620,16/02/2025,MKG
JV.2025.02.00396,16/02/2025,La Piazza
JV.2025.02.00610,16/02/2025,La Piazza
JV.2026.02.01038,16/02/2026,MKG
JV.2026.02.01257,16/02/2026,MKG
JV.2026.02.01030,16/02/2026,SMS
JV.2026.02.01246,16/02/2026,SMS
JV.2025.03.00427,16/03/2025,MKG
JV.2025.03.00481,16/03/2025,MKG
JV.2025.03.00428,16/03/2025,La Piazza
JV.2025.03.00460,16/03/2025,La Piazza
JV.2026.03.00705,16/03/2026,MKG
JV.2026.03.00704,16/03/2026,SMS
JV.2025.04.00380,16/04/2025,MKG
JV.2025.04.00455,16/04/2025,MKG
JV.2025.04.00379,16/04/2025,La Piazza
JV.2025.04.00462,16/04/2025,La Piazza
JV.2025.04.00813,16/04/2025,La Piazza
JV.2025.05.00564,16/05/2025,MKG
JV.2025.05.00563,16/05/2025,MKG
JV.2025.05.00555,16/05/2025,La Piazza
JV.2025.05.00559,16/05/2025,La Piazza
JV.2025.06.00785,16/05/2025,La Piazza
JV.2025.06.00684,16/06/2025,MKG
JV.2025.06.00810,16/06/2025,MKG
JV.2025.06.00488,16/06/2025,La Piazza
JV.2025.07.00599,16/07/2025,MKG
JV.2025.07.00610,16/07/2025,MKG
JV.2025.07.00621,16/07/2025,La Piazza
JV.2025.07.00639,16/07/2025,La Piazza
JV.2025.08.00413,16/08/2025,MKG
JV.2025.08.00414,16/08/2025,MKG
JV.2025.08.00416,16/08/2025,SMS
JV.2025.08.00420,16/08/2025,SMS
JV.2025.08.00418,16/08/2025,SMS
JV.2025.08.00410,16/08/2025,La Piazza
JV.2025.08.00457,16/08/2025,La Piazza
JV.2025.09.00621,16/09/2025,MKG
JV.2025.09.00622,16/09/2025,MKG
JV.2025.09.00633,16/09/2025,SMS
JV.2025.09.00634,16/09/2025,SMS
JV.2025.09.00587,16/09/2025,La Piazza
JV.2025.09.00592,16/09/2025,La Piazza
JV.2025.10.01102,16/10/2025,MKG
JV.2025.10.01201,16/10/2025,MKG
JV.2025.10.01152,16/10/2025,SMS
JV.2024.10.00951,16/10/2025,SMS
JV.2025.10.00997,16/10/2025,La Piazza
JV.2025.10.01223,16/10/2025,La Piazza
JV.2025.11.00460,16/11/2025,MKG
JV.2025.11.00859,16/11/2025,MKG
JV.2025.11.00794,16/11/2025,SMS
JV.2025.11.00814,16/11/2025,SMS
JV.2025.11.00433,16/11/2025,La Piazza
JV.2025.11.00995,16/11/2025,La Piazza
JV.2026.04.00533,16/12/2025,BSD
JV.2025.12.01431,16/12/2025,MKG
JV.2025.12.01461,16/12/2025,SMS
JV.2025.12.01493,16/12/2025,SMS
JV.2025.01.00460,17/01/2025,MKG
JV.2025.01.00675,17/01/2025,MKG
JV.2025.01.00437,17/01/2025,La Piazza
JV.2025.01.00438,17/01/2025,La Piazza
JV.2026.01.01227,17/01/2026,MKG
JV.2026.01.01146,17/01/2026,MKG
JV.2026.01.01177,17/01/2026,SMS
JV.2026.01.01372,17/01/2026,SMS
JV.2025.02.00759,17/02/2025,MKG
JV.2025.02.00863,17/02/2025,MKG
JV.2025.02.00397,17/02/2025,La Piazza
JV.2025.02.00611,17/02/2025,La Piazza
JV.2026.02.01037,17/02/2026,MKG
JV.2026.02.01258,17/02/2026,MKG
JV.2026.02.01031,17/02/2026,SMS
JV.2026.02.01247,17/02/2026,SMS
JV.2025.03.00479,17/03/2025,MKG
JV.2025.03.00480,17/03/2025,MKG
JV.2025.03.00461,17/03/2025,La Piazza
JV.2025.03.00462,17/03/2025,La Piazza
JV.2026.03.00737,17/03/2026,MKG
JV.2026.03.00736,17/03/2026,SMS
JV.2025.04.00449,17/04/2025,MKG
JV.2025.04.00454,17/04/2025,MKG
JV.2025.04.00436,17/04/2025,La Piazza
JV.2025.04.00461,17/04/2025,La Piazza
JV.2025.04.00815,17/04/2025,La Piazza
JV.2025.05.00565,17/05/2025,MKG
JV.2025.05.00566,17/05/2025,MKG
JV.2025.05.00556,17/05/2025,La Piazza
JV.2025.05.00560,17/05/2025,La Piazza
JV.2025.06.00685,17/06/2025,MKG
JV.2025.06.00811,17/06/2025,MKG
JV.2025.06.00489,17/06/2025,La Piazza
JV.2025.06.00786,17/06/2025,La Piazza
JV.2025.07.00600,17/07/2025,MKG
JV.2025.07.00611,17/07/2025,MKG
JV.2025.07.00622,17/07/2025,La Piazza
JV.2025.07.00640,17/07/2025,La Piazza
JV.2025.08.00412,17/08/2025,MKG
JV.2025.08.00415,17/08/2025,MKG
JV.2025.08.00417,17/08/2025,SMS
JV.2025.08.00419,17/08/2025,SMS
JV.2025.08.00411,17/08/2025,La Piazza
JV.2025.08.00513,17/08/2025,La Piazza
JV.2025.09.00623,17/09/2025,MKG
JV.2025.09.00624,17/09/2025,MKG
JV.2025.09.00635,17/09/2025,SMS
JV.2025.09.00636,17/09/2025,SMS
JV.2025.09.00588,17/09/2025,La Piazza
JV.2025.09.00593,17/09/2025,La Piazza
JV.2025.10.01103,17/10/2025,MKG
JV.2025.10.01202,17/10/2025,MKG
JV.2025.10.01153,17/10/2025,SMS
JV.2025.10.01176,17/10/2025,SMS
JV.2025.10.00998,17/10/2025,La Piazza
JV.2025.10.01224,17/10/2025,La Piazza
JV.2025.10.01262,17/10/2025,La Piazza
JV.2025.11.00461,17/11/2025,MKG
JV.2025.11.00860,17/11/2025,MKG
JV.2025.11.00795,17/11/2025,SMS
JV.2025.11.00815,17/11/2025,SMS
JV.2025.11.00434,17/11/2025,La Piazza
JV.2025.11.00996,17/11/2025,La Piazza
JV.2025.12.01401,17/12/2025,MKG
JV.2025.12.01432,17/12/2025,MKG
JV.2025.12.01462,17/12/2025,SMS
JV.2025.12.01494,17/12/2025,SMS
JV.2025.01.00664,18/01/2025,MKG
JV.2025.01.00676,18/01/2025,MKG
JV.2025.01.00439,18/01/2025,La Piazza
JV.2025.01.00440,18/01/2025,La Piazza
JV.2026.01.01228,18/01/2026,MKG
JV.2026.01.01147,18/01/2026,MKG
JV.2026.01.01178,18/01/2026,SMS
JV.2026.01.01373,18/01/2026,SMS
JV.2025.02.00760,18/02/2025,MKG
JV.2025.02.00864,18/02/2025,MKG
JV.2025.02.00554,18/02/2025,La Piazza
JV.2025.02.00613,18/02/2025,La Piazza
JV.2026.02.01036,18/02/2026,MKG
JV.2026.02.01259,18/02/2026,MKG
JV.2026.02.01032,18/02/2026,SMS
JV.2026.02.01248,18/02/2026,SMS
JV.2025.03.00484,18/03/2025,MKG
JV.2025.03.00519,18/03/2025,MKG
JV.2025.03.00483,18/03/2025,La Piazza
JV.2025.03.00797,18/03/2025,La Piazza
JV.2026.03.00988,18/03/2026,MKG
JV.2026.03.01356,18/03/2026,SMB
JV.2026.03.01357,18/03/2026,SMB
JV.2026.03.00987,18/03/2026,SMS
JV.2025.04.00448,18/04/2025,MKG
JV.2025.04.00453,18/04/2025,MKG
JV.2025.04.00459,18/04/2025,La Piazza
JV.2025.04.00437,18/04/2025,La Piazza
JV.2025.04.00460,18/04/2025,La Piazza
JV.2025.05.00567,18/05/2025,MKG
JV.2025.05.00568,18/05/2025,MKG
JV.2025.05.00557,18/05/2025,La Piazza
JV.2025.05.00561,18/05/2025,La Piazza
JV.2025.06.00686,18/06/2025,MKG
JV.2025.06.00812,18/06/2025,MKG
JV.2025.06.00490,18/06/2025,La Piazza
JV.2025.06.00787,18/06/2025,La Piazza
JV.2025.07.00601,18/07/2025,MKG
JV.2025.07.00612,18/07/2025,MKG
JV.2025.07.00623,18/07/2025,La Piazza
JV.2025.07.00641,18/07/2025,La Piazza
JV.2025.08.00515,18/08/2025,MKG
JV.2025.08.00516,18/08/2025,MKG
JV.2025.08.00514,18/08/2025,SMS
JV.2025.08.00517,18/08/2025,SMS
JV.2025.08.00518,18/08/2025,La Piazza
JV.2025.08.00519,18/08/2025,La Piazza
JV.2025.09.00625,18/09/2025,MKG
JV.2025.09.00626,18/09/2025,MKG
JV.2025.09.00637,18/09/2025,SMS
JV.2025.09.00638,18/09/2025,SMS
JV.2025.09.00589,18/09/2025,La Piazza
JV.2025.09.00594,18/09/2025,La Piazza
JV.2025.10.01104,18/10/2025,MKG
JV.2025.10.01203,18/10/2025,MKG
JV.2025.10.01154,18/10/2025,SMS
JV.2025.10.01177,18/10/2025,SMS
JV.2025.10.00999,18/10/2025,La Piazza
JV.2025.10.01225,18/10/2025,La Piazza
JV.2025.11.00462,18/11/2025,MKG
JV.2025.11.00861,18/11/2025,MKG
JV.2025.11.00796,18/11/2025,SMS
JV.2025.11.00816,18/11/2025,SMS
JV.2025.11.00435,18/11/2025,La Piazza
JV.2025.11.00997,18/11/2025,La Piazza
JV.2025.12.01402,18/12/2025,MKG
JV.2025.12.01433,18/12/2025,MKG
JV.2025.12.01463,18/12/2025,SMS
JV.2025.12.01495,18/12/2025,SMS
JV.2025.01.00665,19/01/2025,MKG
JV.2025.01.00677,19/01/2025,MKG
JV.2025.01.00441,19/01/2025,La Piazza
JV.2025.01.00442,19/01/2025,La Piazza
JV.2026.01.01229,19/01/2026,MKG
JV.2026.01.01148,19/01/2026,MKG
JV.2026.01.01179,19/01/2026,SMS
JV.2026.01.01374,19/01/2026,SMS
JV.2025.02.00854,19/02/2025,MKG
JV.2025.03.00004,19/02/2025,MKG
JV.2025.02.00555,19/02/2025,La Piazza
JV.2025.02.00614,19/02/2025,La Piazza
JV.2026.02.01034,19/02/2026,MKG
JV.2026.02.01260,19/02/2026,MKG
JV.2026.02.01033,19/02/2026,SMS
JV.2026.02.01249,19/02/2026,SMS
JV.2025.03.00508,19/03/2025,MKG
JV.2025.03.00520,19/03/2025,MKG
JV.2025.03.00507,19/03/2025,La Piazza
JV.2025.03.00522,19/03/2025,La Piazza
JV.2026.03.01022,19/03/2026,MKG
JV.2026.03.01021,19/03/2026,SMS
JV.2025.04.00447,19/04/2025,MKG
JV.2025.04.00452,19/04/2025,MKG
JV.2025.04.00442,19/04/2025,La Piazza
JV.2025.04.00458,19/04/2025,La Piazza
JV.2025.05.00570,19/05/2025,MKG
JV.2025.05.00569,19/05/2025,MKG
JV.2025.05.00558,19/05/2025,La Piazza
JV.2025.05.00562,19/05/2025,La Piazza
JV.2025.06.00687,19/06/2025,MKG
JV.2025.06.00813,19/06/2025,MKG
JV.2025.06.00491,19/06/2025,La Piazza
JV.2025.06.00788,19/06/2025,La Piazza
JV.2025.07.01012,19/07/2025,La Piazza
JV.2025.07.00602,19/07/2025,MKG
JV.2025.07.00613,19/07/2025,MKG
JV.2025.07.00624,19/07/2025,La Piazza
JV.2025.07.00642,19/07/2025,La Piazza
JV.2025.08.00605,19/08/2025,MKG
JV.2025.08.00608,19/08/2025,MKG
JV.2025.08.00602,19/08/2025,SMS
JV.2025.08.00604,19/08/2025,SMS
JV.2025.08.00610,19/08/2025,La Piazza
JV.2025.08.00611,19/08/2025,La Piazza
JV.2025.08.00613,19/08/2025,La Piazza
JV.2025.09.00627,19/09/2025,MKG
JV.2025.09.00628,19/09/2025,MKG
JV.2025.09.00639,19/09/2025,SMS
JV.2025.09.00618,19/09/2025,SMS
JV.2025.09.00640,19/09/2025,SMS
JV.2025.09.00614,19/09/2025,La Piazza
JV.2025.09.00617,19/09/2025,La Piazza
JV.2025.10.01105,19/10/2025,MKG
JV.2025.10.01204,19/10/2025,MKG
JV.2025.10.01155,19/10/2025,SMS
JV.2025.10.01178,19/10/2025,SMS
JV.2025.10.01000,19/10/2025,La Piazza
JV.2025.10.01226,19/10/2025,La Piazza
JV.2025.11.00463,19/11/2025,MKG
JV.2025.11.00862,19/11/2025,MKG
JV.2025.11.00797,19/11/2025,SMS
JV.2025.11.00817,19/11/2025,SMS
JV.2025.11.00436,19/11/2025,La Piazza
JV.2025.11.00998,19/11/2025,La Piazza
JV.2025.12.01404,19/12/2025,MKG
JV.2025.12.01403,19/12/2025,MKG
JV.2025.12.01434,19/12/2025,MKG
JV.2025.12.01464,19/12/2025,SMS
JV.2025.12.01496,19/12/2025,SMS
JV.2025.01.00666,20/01/2025,MKG
JV.2025.01.00678,20/01/2025,MKG
JV.2025.01.00457,20/01/2025,La Piazza
JV.2025.01.00458,20/01/2025,La Piazza
JV.2026.01.01230,20/01/2026,MKG
JV.2026.01.01149,20/01/2026,MKG
JV.2026.01.01180,20/01/2026,SMS
JV.2026.01.01375,20/01/2026,SMS
JV.2025.02.00762,20/02/2025,MKG
JV.2025.02.00865,20/02/2025,MKG
JV.2025.02.00576,20/02/2025,La Piazza
JV.2025.02.00615,20/02/2025,La Piazza
JV.2026.02.01216,20/02/2026,MKG
JV.2026.02.01261,20/02/2026,MKG
JV.2026.02.01215,20/02/2026,SMS
JV.2026.02.01250,20/02/2026,SMS
JV.2025.03.00556,20/03/2025,MKG
JV.2025.03.00553,20/03/2025,MKG
JV.2025.03.00552,20/03/2025,La Piazza
JV.2025.03.00554,20/03/2025,La Piazza
JV.2026.03.01024,20/03/2026,MKG
JV.2026.03.01023,20/03/2026,SMS
JV.2025.04.00446,20/04/2025,MKG
JV.2025.04.00451,20/04/2025,MKG
JV.2025.04.00444,20/04/2025,La Piazza
JV.2025.04.00457,20/04/2025,La Piazza
JV.2025.05.00636,20/05/2025,MKG
JV.2025.05.00639,20/05/2025,MKG
JV.2025.05.00632,20/05/2025,La Piazza
JV.2025.05.00633,20/05/2025,La Piazza
JV.2025.06.00689,20/06/2025,MKG
JV.2025.06.00814,20/06/2025,MKG
JV.2025.06.00492,20/06/2025,La Piazza
JV.2025.06.00789,20/06/2025,La Piazza
JV.2025.07.00603,20/07/2025,MKG
JV.2025.07.00608,20/07/2025,MKG
JV.2025.07.00625,20/07/2025,La Piazza
JV.2025.07.00643,20/07/2025,La Piazza
JV.2025.08.00606,20/08/2025,MKG
JV.2025.08.00607,20/08/2025,MKG
JV.2025.08.00601,20/08/2025,SMS
JV.2025.08.00603,20/08/2025,SMS
JV.2025.08.00609,20/08/2025,La Piazza
JV.2025.08.00612,20/08/2025,La Piazza
JV.2025.09.00629,20/09/2025,MKG
JV.2025.09.00630,20/09/2025,MKG
JV.2025.09.00641,20/09/2025,SMS
JV.2025.09.00642,20/09/2025,SMS
JV.2025.09.00615,20/09/2025,La Piazza
JV.2025.09.00616,20/09/2025,La Piazza
JV.2025.10.01106,20/10/2025,MKG
JV.2025.10.01205,20/10/2025,MKG
JV.2025.10.01156,20/10/2025,SMS
JV.2025.10.01227,20/10/2025,La Piazza
JV.2025.11.00464,20/11/2025,MKG
JV.2025.11.00863,20/11/2025,MKG
JV.2025.10.01179,20/11/2025,SMS
JV.2025.11.00798,20/11/2025,SMS
JV.2025.11.00818,20/11/2025,SMS
JV.2025.11.00001,20/11/2025,La Piazza
JV.2025.11.00437,20/11/2025,La Piazza
JV.2025.11.00999,20/11/2025,La Piazza
JV.2025.12.01405,20/12/2025,MKG
JV.2025.12.01435,20/12/2025,MKG
JV.2025.12.01465,20/12/2025,SMS
JV.2025.12.01497,20/12/2025,SMS
JV.2025.01.00667,21/01/2025,MKG
JV.2025.01.00679,21/01/2025,MKG
JV.2025.01.00497,21/01/2025,La Piazza
JV.2025.01.00498,21/01/2025,La Piazza
JV.2026.01.01231,21/01/2026,MKG
JV.2026.01.01150,21/01/2026,MKG
JV.2026.01.01181,21/01/2026,SMS
JV.2026.01.01376,21/01/2026,SMS
JV.2025.02.00855,21/02/2025,MKG
JV.2025.02.00866,21/02/2025,MKG
JV.2025.02.00752,21/02/2025,La Piazza
JV.2025.02.00850,21/02/2025,La Piazza
JV.2026.02.01269,21/02/2026,MKG
JV.2026.02.01262,21/02/2026,MKG
JV.2026.02.01264,21/02/2026,SMS
JV.2026.02.01251,21/02/2026,SMS
JV.2025.03.00632,21/03/2025,MKG
JV.2025.03.00638,21/03/2025,MKG
JV.2025.03.00618,21/03/2025,La Piazza
JV.2025.03.00634,21/03/2025,La Piazza
JV.2026.03.01026,21/03/2026,MKG
JV.2026.03.01025,21/03/2026,SMS
JV.2025.04.00445,21/04/2025,MKG
JV.2025.04.00450,21/04/2025,MKG
JV.2025.04.00443,21/04/2025,La Piazza
JV.2025.04.00456,21/04/2025,La Piazza
JV.2025.05.00637,21/05/2025,MKG
JV.2025.05.00640,21/05/2025,MKG
JV.2025.05.00631,21/05/2025,La Piazza
JV.2025.05.00634,21/05/2025,La Piazza
JV.2025.07.00998,21/06/2025,La Piazza
JV.2025.06.00690,21/06/2025,MKG
JV.2025.06.00815,21/06/2025,MKG
JV.2025.06.00493,21/06/2025,La Piazza
JV.2025.06.00791,21/06/2025,La Piazza
JV.2025.07.00604,21/07/2025,MKG
JV.2025.07.01013,21/07/2025,MKG
JV.2025.07.00607,21/07/2025,MKG
JV.2025.07.00626,21/07/2025,La Piazza
JV.2025.07.00644,21/07/2025,La Piazza
JV.2025.08.00653,21/08/2025,MKG
JV.2025.08.00654,21/08/2025,MKG
JV.2025.08.00657,21/08/2025,SMS
JV.2025.08.00660,21/08/2025,SMS
JV.2025.08.00649,21/08/2025,La Piazza
JV.2025.08.00650,21/08/2025,La Piazza
JV.2025.09.01226,21/09/2025,MKG
JV.2025.09.01252,21/09/2025,MKG
JV.2025.09.01263,21/09/2025,SMS
JV.2025.09.01261,21/09/2025,SMS
JV.2025.09.01194,21/09/2025,La Piazza
JV.2025.10.00278,21/09/2025,La Piazza
JV.2025.10.01107,21/10/2025,MKG
JV.2025.10.01206,21/10/2025,MKG
JV.2025.10.01157,21/10/2025,SMS
JV.2025.10.01180,21/10/2025,SMS
JV.2025.10.01002,21/10/2025,La Piazza
JV.2025.10.01228,21/10/2025,La Piazza
JV.2025.11.00465,21/11/2025,MKG
JV.2025.11.00864,21/11/2025,MKG
JV.2025.11.00799,21/11/2025,SMS
JV.2025.11.00819,21/11/2025,SMS
JV.2025.11.00438,21/11/2025,La Piazza
JV.2025.11.01000,21/11/2025,La Piazza
JV.2025.12.01406,21/12/2025,MKG
JV.2025.12.01436,21/12/2025,MKG
JV.2025.12.01466,21/12/2025,SMS
JV.2025.12.01498,21/12/2025,SMS
JV.2025.01.00668,22/01/2025,MKG
JV.2025.01.00680,22/01/2025,MKG
JV.2025.01.00499,22/01/2025,La Piazza
JV.2025.01.00500,22/01/2025,La Piazza
JV.2026.01.01232,22/01/2026,MKG
JV.2026.01.01151,22/01/2026,MKG
JV.2026.01.01182,22/01/2026,SMS
JV.2026.01.01377,22/01/2026,SMS
JV.2025.02.00856,22/02/2025,MKG
JV.2025.03.00005,22/02/2025,MKG
JV.2025.02.00753,22/02/2025,La Piazza
JV.2025.02.00851,22/02/2025,La Piazza
JV.2026.02.01278,22/02/2026,MKG
JV.2026.02.01265,22/02/2026,SMS
JV.2025.03.00622,22/03/2025,MKG
JV.2025.03.00639,22/03/2025,MKG
JV.2025.03.00619,22/03/2025,La Piazza
JV.2025.03.00635,22/03/2025,La Piazza
JV.2026.03.01029,22/03/2026,MKG
JV.2026.03.01027,22/03/2026,SMS
JV.2025.04.00859,22/04/2025,MKG
JV.2025.04.00838,22/04/2025,MKG
JV.2025.04.00733,22/04/2025,La Piazza
JV.2025.04.00734,22/04/2025,La Piazza
JV.2025.05.00638,22/05/2025,MKG
JV.2025.05.00641,22/05/2025,MKG
JV.2025.05.00630,22/05/2025,La Piazza
JV.2025.05.00635,22/05/2025,La Piazza
JV.2025.06.00691,22/06/2025,MKG
JV.2025.06.00816,22/06/2025,MKG
JV.2025.06.00494,22/06/2025,La Piazza
JV.2025.06.00792,22/06/2025,La Piazza
JV.2025.07.00605,22/07/2025,MKG
JV.2025.07.00606,22/07/2025,MKG
JV.2025.07.00627,22/07/2025,La Piazza
JV.2025.07.00645,22/07/2025,La Piazza
JV.2025.08.00655,22/08/2025,MKG
JV.2025.08.00656,22/08/2025,MKG
JV.2025.08.00658,22/08/2025,SMS
JV.2025.08.00736,22/08/2025,SMS
JV.2025.08.00651,22/08/2025,La Piazza
JV.2025.08.00652,22/08/2025,La Piazza
JV.2025.09.01251,22/09/2025,MKG
JV.2025.09.01264,22/09/2025,SMS
JV.2025.09.01260,22/09/2025,SMS
JV.2025.09.01195,22/09/2025,La Piazza
JV.2025.10.00277,22/09/2025,La Piazza
JV.2025.10.01189,22/10/2025,Gojek
JV.2025.10.00280,22/10/2025,MKG
JV.2025.10.01108,22/10/2025,MKG
JV.2025.10.01207,22/10/2025,MKG
JV.2025.10.01158,22/10/2025,SMS
JV.2025.10.01181,22/10/2025,SMS
JV.2025.10.01003,22/10/2025,La Piazza
JV.2025.10.01229,22/10/2025,La Piazza
JV.2025.11.00466,22/11/2025,MKG
JV.2025.11.00865,22/11/2025,MKG
JV.2025.11.00800,22/11/2025,SMS
JV.2025.11.00820,22/11/2025,SMS
JV.2025.11.01001,22/11/2025,La Piazza
JV.2026.02.01263,22/11/2026,La Piazza
JV.2025.12.01407,22/12/2025,MKG
JV.2025.12.01437,22/12/2025,MKG
JV.2025.12.01467,22/12/2025,SMS
JV.2025.12.01499,22/12/2025,SMS
JV.2025.01.00669,23/01/2025,MKG
JV.2025.01.00681,23/01/2025,MKG
JV.2025.01.00501,23/01/2025,La Piazza
JV.2025.01.00847,23/01/2025,La Piazza
JV.2025.01.00502,23/01/2025,La Piazza
JV.2026.01.01233,23/01/2026,MKG
JV.2026.01.01152,23/01/2026,MKG
JV.2026.01.01183,23/01/2026,SMS
JV.2026.01.01378,23/01/2026,SMS
JV.2025.02.00857,23/02/2025,MKG
JV.2025.02.00867,23/02/2025,MKG
JV.2025.02.00754,23/02/2025,La Piazza
JV.2025.02.00852,23/02/2025,La Piazza
JV.2026.02.01312,23/02/2026,MKG
JV.2026.02.01311,23/02/2026,SMS
JV.2025.03.00623,23/03/2025,MKG
JV.2025.03.00640,23/03/2025,MKG
JV.2025.03.00620,23/03/2025,La Piazza
JV.2025.03.00636,23/03/2025,La Piazza
JV.2026.03.01032,23/03/2026,MKG
JV.2026.03.01030,23/03/2026,SMS
JV.2025.04.00860,23/04/2025,MKG
JV.2025.04.00839,23/04/2025,MKG
JV.2025.03.00828,23/04/2025,La Piazza
JV.2025.04.00735,23/04/2025,La Piazza
JV.2025.04.00736,23/04/2025,La Piazza
JV.2025.05.00973,23/05/2025,MKG
JV.2025.05.00956,23/05/2025,MKG
JV.2025.05.00797,23/05/2025,La Piazza
JV.2025.05.00799,23/05/2025,La Piazza
JV.2025.07.00999,23/06/2025,La Piazza
JV.2025.06.00692,23/06/2025,MKG
JV.2025.06.00817,23/06/2025,MKG
JV.2025.06.00777,23/06/2025,La Piazza
JV.2025.06.00793,23/06/2025,La Piazza
JV.2025.07.00705,23/07/2025,MKG
JV.2025.07.00720,23/07/2025,MKG
JV.2025.07.00920,23/07/2025,La Piazza
JV.2025.07.00984,23/07/2025,La Piazza
JV.2025.08.00729,23/08/2025,MKG
JV.2025.08.00730,23/08/2025,MKG
JV.2025.08.00738,23/08/2025,SMS
JV.2025.08.00737,23/08/2025,SMS
JV.2025.08.00723,23/08/2025,La Piazza
JV.2025.08.00724,23/08/2025,La Piazza
JV.2025.09.01250,23/09/2025,MKG
JV.2025.09.01265,23/09/2025,SMS
JV.2025.09.01259,23/09/2025,SMS
JV.2025.09.01196,23/09/2025,La Piazza
JV.2025.09.01223,23/09/2025,La Piazza
JV.2025.10.01190,23/10/2025,Gojek
JV.2025.10.00281,23/10/2025,MKG
JV.2025.10.01109,23/10/2025,MKG
JV.2025.10.01208,23/10/2025,MKG
JV.2025.10.01159,23/10/2025,SMS
JV.2025.10.01182,23/10/2025,SMS
JV.2025.10.01004,23/10/2025,La Piazza
JV.2025.10.01230,23/10/2025,La Piazza
JV.2025.11.00467,23/11/2025,MKG
JV.2025.11.00866,23/11/2025,MKG
JV.2025.11.00801,23/11/2025,SMS
JV.2025.11.00821,23/11/2025,SMS
JV.2025.11.01028,23/11/2025,La Piazza
JV.2025.11.01002,23/11/2025,La Piazza
JV.2025.12.01408,23/12/2025,MKG
JV.2025.12.01438,23/12/2025,MKG
JV.2025.12.01468,23/12/2025,SMS
JV.2025.12.01500,23/12/2025,SMS
JV.2025.01.00670,24/01/2025,MKG
JV.2025.01.00682,24/01/2025,MKG
JV.2025.01.00528,24/01/2025,La Piazza
JV.2025.01.00848,24/01/2025,La Piazza
JV.2025.01.00532,24/01/2025,La Piazza
JV.2026.01.01234,24/01/2026,MKG
JV.2026.01.01153,24/01/2026,MKG
JV.2026.01.01184,24/01/2026,SMS
JV.2026.01.01379,24/01/2026,SMS
JV.2025.02.00858,24/02/2025,MKG
JV.2025.02.00868,24/02/2025,MKG
JV.2025.02.00756,24/02/2025,La Piazza
JV.2025.02.00853,24/02/2025,La Piazza
JV.2026.02.01364,24/02/2026,MKG
JV.2026.02.01363,24/02/2026,SMS
JV.2025.03.00624,24/03/2025,MKG
JV.2025.03.00641,24/03/2025,MKG
JV.2025.03.00621,24/03/2025,La Piazza
JV.2025.03.00798,24/03/2025,La Piazza
JV.2026.03.01034,24/03/2026,MKG
JV.2026.03.01033,24/03/2026,SMS
JV.2025.04.00861,24/04/2025,MKG
JV.2025.04.00840,24/04/2025,MKG
JV.2025.04.00737,24/04/2025,La Piazza
JV.2025.04.00738,24/04/2025,La Piazza
JV.2025.04.00812,24/04/2025,La Piazza
JV.2025.05.00975,24/05/2025,MKG
JV.2025.05.00957,24/05/2025,MKG
JV.2025.05.00796,24/05/2025,La Piazza
JV.2025.05.00798,24/05/2025,La Piazza
JV.2025.06.00693,24/06/2025,MKG
JV.2025.06.00818,24/06/2025,MKG
JV.2025.06.00778,24/06/2025,La Piazza
JV.2025.06.00794,24/06/2025,La Piazza
JV.2025.07.00706,24/07/2025,MKG
JV.2025.07.00719,24/07/2025,MKG
JV.2025.07.00921,24/07/2025,La Piazza
JV.2025.07.00985,24/07/2025,La Piazza
JV.2025.08.00731,24/08/2025,MKG
JV.2025.08.00732,24/08/2025,MKG
JV.2025.08.01133,24/08/2025,SMS
JV.2025.08.01206,24/08/2025,SMS
JV.2025.08.00725,24/08/2025,La Piazza
JV.2025.08.00726,24/08/2025,La Piazza
JV.2025.09.01227,24/09/2025,MKG
JV.2025.09.01249,24/09/2025,MKG
JV.2025.09.01266,24/09/2025,SMS
JV.2025.09.01258,24/09/2025,SMS
JV.2025.09.01197,24/09/2025,La Piazza
JV.2025.09.01222,24/09/2025,La Piazza
JV.2025.10.01191,24/10/2025,Gojek
JV.2025.10.01110,24/10/2025,MKG
JV.2025.10.01209,24/10/2025,MKG
JV.2025.10.01160,24/10/2025,SMS
JV.2025.10.01183,24/10/2025,SMS
JV.2025.10.01005,24/10/2025,La Piazza
JV.2025.10.01231,24/10/2025,La Piazza
JV.2025.11.00674,24/11/2025,MKG
JV.2025.11.00867,24/11/2025,MKG
JV.2025.11.00802,24/11/2025,SMS
JV.2025.11.00822,24/11/2025,SMS
JV.2025.11.01029,24/11/2025,La Piazza
JV.2025.11.01003,24/11/2025,La Piazza
JV.2025.12.01409,24/12/2025,MKG
JV.2025.12.01439,24/12/2025,MKG
JV.2025.12.01469,24/12/2025,SMS
JV.2025.12.01501,24/12/2025,SMS
JV.2025.01.00671,25/01/2025,MKG
JV.2025.01.00683,25/01/2025,MKG
JV.2025.01.00529,25/01/2025,La Piazza
JV.2025.01.00533,25/01/2025,La Piazza
JV.2025.02.00323,25/01/2025,La Piazza
JV.2026.01.01235,25/01/2026,MKG
JV.2026.01.01154,25/01/2026,MKG
JV.2026.01.01185,25/01/2026,SMS
JV.2026.01.01380,25/01/2026,SMS
JV.2025.02.00859,25/02/2025,MKG
JV.2025.02.00869,25/02/2025,MKG
JV.2025.02.00872,25/02/2025,La Piazza
JV.2025.03.00007,25/02/2025,La Piazza
JV.2026.02.01499,25/02/2026,MKG
JV.2026.02.01498,25/02/2026,SMS
JV.2025.03.00630,25/03/2025,MKG
JV.2025.03.00792,25/03/2025,MKG
JV.2025.03.00629,25/03/2025,La Piazza
JV.2025.03.00637,25/03/2025,La Piazza
JV.2026.03.01036,25/03/2026,MKG
JV.2026.03.01035,25/03/2026,SMS
JV.2025.04.00862,25/04/2025,MKG
JV.2025.04.00841,25/04/2025,MKG
JV.2025.04.00739,25/04/2025,La Piazza
JV.2025.04.00745,25/04/2025,La Piazza
JV.2025.05.00976,25/05/2025,MKG
JV.2025.05.00958,25/05/2025,MKG
JV.2025.05.00795,25/05/2025,La Piazza
JV.2025.05.00800,25/05/2025,La Piazza
JV.2025.07.01000,25/06/2025,La Piazza
JV.2025.06.00694,25/06/2025,MKG
JV.2025.06.00819,25/06/2025,MKG
JV.2025.06.00779,25/06/2025,La Piazza
JV.2025.06.00795,25/06/2025,La Piazza
JV.2025.07.00707,25/07/2025,MKG
JV.2025.07.00718,25/07/2025,MKG
JV.2025.07.00922,25/07/2025,La Piazza
JV.2025.07.00986,25/07/2025,La Piazza
JV.2025.08.00734,25/08/2025,MKG
JV.2025.08.00735,25/08/2025,MKG
JV.2025.08.01134,25/08/2025,SMS
JV.2025.08.01207,25/08/2025,SMS
JV.2025.08.00727,25/08/2025,La Piazza
JV.2025.08.00728,25/08/2025,La Piazza
JV.2025.09.01228,25/09/2025,MKG
JV.2025.09.01248,25/09/2025,MKG
JV.2025.09.01267,25/09/2025,SMS
JV.2025.09.01257,25/09/2025,SMS
JV.2025.09.01198,25/09/2025,La Piazza
JV.2025.09.01221,25/09/2025,La Piazza
JV.2025.10.01111,25/10/2025,MKG
JV.2025.10.01210,25/10/2025,MKG
JV.2025.10.01161,25/10/2025,SMS
JV.2025.11.00829,25/10/2025,SMS
JV.2025.10.01006,25/10/2025,La Piazza
JV.2025.10.01232,25/10/2025,La Piazza
JV.2025.11.00675,25/11/2025,MKG
JV.2025.11.00868,25/11/2025,MKG
JV.2025.11.00803,25/11/2025,SMS
JV.2025.11.00823,25/11/2025,SMS
JV.2025.11.01004,25/11/2025,La Piazza
JV.2025.11.01030,25/11/2026,La Piazza
JV.2025.12.01440,25/12/2025,MKG
JV.2025.12.01470,25/12/2025,SMS
JV.2025.12.01502,25/12/2025,SMS
JV.2025.12.01410,25/12/2026,MKG
JV.2025.09.01247,26/09/2025,MKG
JV.2025.01.00672,26/01/2025,MKG
JV.2025.01.00684,26/01/2025,MKG
JV.2025.12.01441,26/01/2025,MKG
JV.2025.01.00530,26/01/2025,La Piazza
JV.2025.01.00534,26/01/2025,La Piazza
JV.2025.01.00849,26/01/2025,La Piazza
JV.2026.01.01236,26/01/2026,MKG
JV.2026.01.01155,26/01/2026,MKG
JV.2026.01.01186,26/01/2026,SMS
JV.2026.01.01381,26/01/2026,SMS
JV.2025.02.00860,26/02/2025,MKG
JV.2025.02.00870,26/02/2025,MKG
JV.2025.02.00873,26/02/2025,La Piazza
JV.2025.02.00876,26/02/2025,La Piazza
JV.2026.02.01509,26/02/2026,MKG
JV.2026.02.01507,26/02/2026,SMS
JV.2025.03.00669,26/03/2025,MKG
JV.2025.03.00806,26/03/2025,MKG
JV.2025.03.00668,26/03/2025,La Piazza
JV.2025.03.00775,26/03/2025,La Piazza
JV.2026.03.01085,26/03/2026,MKG
JV.2026.03.01084,26/03/2026,SMS
JV.2025.04.00863,26/04/2025,MKG
JV.2025.04.00842,26/04/2025,MKG
JV.2025.04.00762,26/04/2025,La Piazza
JV.2025.04.00763,26/04/2025,La Piazza
JV.2025.06.00377,26/05/2025,MKG
JV.2025.05.00959,26/05/2025,MKG
JV.2025.05.00794,26/05/2025,La Piazza
JV.2025.05.00801,26/05/2025,La Piazza
JV.2025.06.00695,26/06/2025,MKG
JV.2025.06.00820,26/06/2025,MKG
JV.2025.06.00780,26/06/2025,La Piazza
JV.2025.06.00797,26/06/2025,La Piazza
JV.2025.07.01017,26/07/2025,La Piazza
JV.2025.07.00708,26/07/2025,MKG
JV.2025.07.00716,26/07/2025,MKG
JV.2025.07.00923,26/07/2025,La Piazza
JV.2025.07.00987,26/07/2025,La Piazza
JV.2025.08.01121,26/08/2025,MKG
JV.2025.08.01132,26/08/2025,MKG
JV.2025.08.01135,26/08/2025,SMS
JV.2025.08.01209,26/08/2025,SMS
JV.2025.08.01106,26/08/2025,La Piazza
JV.2025.08.01112,26/08/2025,La Piazza
JV.2025.09.01229,26/09/2025,MKG
JV.2025.09.01268,26/09/2025,SMS
JV.2025.09.01256,26/09/2025,SMS
JV.2025.09.01199,26/09/2025,La Piazza
JV.2025.09.01220,26/09/2025,La Piazza
JV.2025.10.01112,26/10/2025,MKG
JV.2025.10.01211,26/10/2025,MKG
JV.2025.10.01162,26/10/2025,SMS
JV.2025.10.01184,26/10/2025,SMS
JV.2025.10.01007,26/10/2025,La Piazza
JV.2025.10.01233,26/10/2025,La Piazza
JV.2025.11.00676,26/11/2025,MKG
JV.2025.11.00869,26/11/2025,MKG
JV.2025.11.00804,26/11/2025,SMS
JV.2025.11.00824,26/11/2025,SMS
JV.2025.11.01031,26/11/2025,La Piazza
JV.2025.11.01005,26/11/2025,La Piazza
JV.2025.12.01411,26/12/2025,MKG
JV.2025.12.01471,26/12/2025,SMS
JV.2025.12.01503,26/12/2025,SMS
JV.2025.01.00673,27/01/2025,MKG
JV.2025.01.00685,27/01/2025,MKG
JV.2025.01.00531,27/01/2025,La Piazza
JV.2025.01.00688,27/01/2025,La Piazza
JV.2025.01.00850,27/01/2025,La Piazza
JV.2026.01.01237,27/01/2026,MKG
JV.2026.01.01156,27/01/2026,MKG
JV.2026.01.01187,27/01/2026,SMS
JV.2026.01.01382,27/01/2026,SMS
JV.2025.02.00861,27/02/2025,MKG
JV.2025.02.00871,27/02/2025,MKG
JV.2025.02.00874,27/02/2025,La Piazza
JV.2025.02.00877,27/02/2025,La Piazza
JV.2026.02.01631,27/02/2026,MKG
JV.2026.02.01630,27/02/2026,SMS
JV.2025.03.00673,27/03/2025,La Piazza
JV.2025.03.00776,27/03/2025,La Piazza
JV.2026.03.01106,27/03/2026,MKG
JV.2026.03.01105,27/03/2026,SMS
JV.2025.03.00807,27/04/2025,MKG
JV.2025.04.00864,27/04/2025,MKG
JV.2025.04.00856,27/04/2025,MKG
JV.2025.04.00764,27/04/2025,La Piazza
JV.2025.04.00765,27/04/2025,La Piazza
JV.2025.05.00977,27/05/2025,MKG
JV.2025.05.00960,27/05/2025,MKG
JV.2025.05.00793,27/05/2025,La Piazza
JV.2025.05.00802,27/05/2025,La Piazza
JV.2025.07.01001,27/06/2025,La Piazza
JV.2025.06.00696,27/06/2025,MKG
JV.2025.06.00857,27/06/2025,MKG
JV.2025.06.00821,27/06/2025,MKG
JV.2025.06.00781,27/06/2025,La Piazza
JV.2025.06.00798,27/06/2025,La Piazza
JV.2025.07.00709,27/07/2025,MKG
JV.2025.07.00717,27/07/2025,MKG
JV.2025.07.00924,27/07/2025,La Piazza
JV.2025.07.00988,27/07/2025,La Piazza
JV.2025.08.01122,27/08/2025,MKG
JV.2025.08.01130,27/08/2025,MKG
JV.2025.08.01136,27/08/2025,SMS
JV.2025.08.01144,27/08/2025,SMS
JV.2025.08.01107,27/08/2025,La Piazza
JV.2025.08.01113,27/08/2025,La Piazza
JV.2025.09.01230,27/09/2025,MKG
JV.2025.09.01245,27/09/2025,MKG
JV.2025.09.01269,27/09/2025,SMS
JV.2025.09.01255,27/09/2025,SMS
JV.2025.09.01207,27/09/2025,La Piazza
JV.2025.09.01219,27/09/2025,La Piazza
JV.2025.10.01192,27/10/2025,Gojek
JV.2025.10.01113,27/10/2025,MKG
JV.2025.10.01212,27/10/2025,MKG
JV.2025.10.01163,27/10/2025,SMS
JV.2025.10.01185,27/10/2025,SMS
JV.2025.10.01008,27/10/2025,La Piazza
JV.2025.10.01234,27/10/2025,La Piazza
JV.2025.11.00677,27/11/2025,MKG
JV.2025.11.00870,27/11/2025,MKG
JV.2025.11.00805,27/11/2025,SMS
JV.2025.11.00825,27/11/2025,SMS
JV.2025.11.01032,27/11/2025,La Piazza
JV.2025.11.01006,27/11/2025,La Piazza
JV.2025.12.01412,27/12/2025,MKG
JV.2025.12.01442,27/12/2025,MKG
JV.2025.12.01472,27/12/2025,SMS
JV.2025.12.01504,27/12/2025,SMS
JV.2025.01.00806,28/01/2025,MKG
JV.2025.01.00689,28/01/2025,La Piazza
JV.2025.01.00691,28/01/2025,La Piazza
JV.2025.01.00851,28/01/2025,La Piazza
JV.2026.01.01238,28/01/2026,MKG
JV.2026.01.01157,28/01/2026,MKG
JV.2026.01.01188,28/01/2026,SMS
JV.2026.01.01383,28/01/2026,SMS
JV.2025.02.00862,28/02/2025,MKG
JV.2025.03.00006,28/02/2025,MKG
JV.2025.02.00875,28/02/2025,La Piazza
JV.2025.03.00008,28/02/2025,La Piazza
JV.2026.02.01633,28/02/2026,MKG
JV.2026.02.01632,28/02/2026,SMS
JV.2025.03.00841,28/03/2025,La Piazza
JV.2025.03.00682,28/03/2025,MKG
JV.2025.03.00778,28/03/2025,La Piazza
JV.2026.03.01171,28/03/2026,MKG
JV.2026.03.01166,28/03/2026,SMS
JV.2025.04.00143,28/04/2025,MKG
JV.2025.04.00865,28/04/2025,MKG
JV.2025.04.00857,28/04/2025,MKG
JV.2025.04.00834,28/04/2025,La Piazza
JV.2025.04.00810,28/04/2025,La Piazza
JV.2025.05.00978,28/05/2025,MKG
JV.2025.05.00961,28/05/2025,MKG
JV.2025.05.00937,28/05/2025,La Piazza
JV.2025.05.00944,28/05/2025,La Piazza
JV.2025.06.00803,28/06/2025,MKG
JV.2025.06.00822,28/06/2025,MKG
JV.2025.06.00782,28/06/2025,La Piazza
JV.2025.06.00801,28/06/2025,La Piazza
JV.2025.08.00012,28/07/2025,MKG
JV.2025.07.00916,28/07/2025,MKG
JV.2025.07.00906,28/07/2025,SMS
JV.2025.07.00910,28/07/2025,SMS
JV.2025.07.00925,28/07/2025,La Piazza
JV.2025.07.00989,28/07/2025,La Piazza
JV.2025.08.01123,28/08/2025,MKG
JV.2025.08.01129,28/08/2025,MKG
JV.2025.08.01137,28/08/2025,SMS
JV.2025.08.01208,28/08/2025,SMS
JV.2025.08.01108,28/08/2025,La Piazza
JV.2025.08.01114,28/08/2025,La Piazza
JV.2025.09.01232,28/09/2025,MKG
JV.2025.09.01244,28/09/2025,MKG
JV.2025.09.01270,28/09/2025,SMS
JV.2025.09.01254,28/09/2025,SMS
JV.2025.09.01208,28/09/2025,La Piazza
JV.2025.09.01218,28/09/2025,La Piazza
JV.2025.10.01193,28/10/2025,Gojek
JV.2025.10.01114,28/10/2025,MKG
JV.2025.10.01213,28/10/2025,MKG
JV.2025.10.01164,28/10/2025,SMS
JV.2025.10.01186,28/10/2025,SMS
JV.2025.10.01055,28/10/2025,La Piazza
JV.2025.10.01235,28/10/2025,La Piazza
JV.2025.11.00678,28/11/2025,MKG
JV.2025.11.00871,28/11/2025,MKG
JV.2025.11.00806,28/11/2025,SMS
JV.2025.11.00826,28/11/2025,SMS
JV.2025.11.01033,28/11/2025,La Piazza
JV.2025.11.01007,28/11/2025,La Piazza
JV.2025.12.01413,28/12/2025,MKG
JV.2025.12.01443,28/12/2025,MKG
JV.2025.12.01473,28/12/2025,SMS
JV.2025.12.01505,28/12/2025,SMS
JV.2025.01.00674,29/01/2025,MKG
JV.2025.01.00807,29/01/2025,MKG
JV.2025.01.00692,29/01/2025,La Piazza
JV.2025.01.00693,29/01/2025,La Piazza
JV.2026.01.01239,29/01/2026,MKG
JV.2026.01.01158,29/01/2026,MKG
JV.2026.01.01189,29/01/2026,SMS
JV.2026.01.01384,29/01/2026,SMS
JV.2025.03.00816,29/03/2025,MKG
JV.2025.03.00808,29/03/2025,MKG
JV.2025.03.00683,29/03/2025,La Piazza
JV.2025.03.00779,29/03/2025,La Piazza
JV.2026.03.01176,29/03/2026,MKG
JV.2026.03.01175,29/03/2026,SMS
JV.2025.04.00866,29/04/2025,MKG
JV.2025.04.00858,29/04/2025,MKG
JV.2025.04.00835,29/04/2025,La Piazza
JV.2025.04.00811,29/04/2025,La Piazza
JV.2025.05.00979,29/05/2025,MKG
JV.2025.05.00962,29/05/2025,MKG
JV.2025.05.00938,29/05/2025,La Piazza
JV.2025.05.00943,29/05/2025,La Piazza
JV.2025.07.01002,29/06/2025,La Piazza
JV.2025.06.00804,29/06/2025,MKG
JV.2025.06.00823,29/06/2025,MKG
JV.2025.06.00783,29/06/2025,La Piazza
JV.2025.06.00802,29/06/2025,La Piazza
JV.2025.07.00913,29/07/2025,MKG
JV.2025.07.00917,29/07/2025,MKG
JV.2025.07.00907,29/07/2025,SMS
JV.2025.07.00911,29/07/2025,SMS
JV.2025.07.00927,29/07/2025,La Piazza
JV.2025.07.00926,29/07/2025,La Piazza
JV.2025.07.00990,29/07/2025,La Piazza
JV.2025.08.01124,29/08/2025,MKG
JV.2025.08.01128,29/08/2025,MKG
JV.2025.08.01138,29/08/2025,SMS
JV.2025.08.01142,29/08/2025,SMS
JV.2025.08.01109,29/08/2025,La Piazza
JV.2025.08.01115,29/08/2025,La Piazza
JV.2025.09.01233,29/09/2025,MKG
JV.2025.09.01243,29/09/2025,MKG
JV.2025.09.01271,29/09/2025,SMS
JV.2025.09.01253,29/09/2025,SMS
JV.2025.09.01209,29/09/2025,La Piazza
JV.2025.09.01217,29/09/2025,La Piazza
JV.2025.10.01194,29/10/2025,Gojek
JV.2025.10.01115,29/10/2025,MKG
JV.2025.10.01214,29/10/2025,MKG
JV.2025.10.01165,29/10/2025,SMS
JV.2025.10.01187,29/10/2025,SMS
JV.2025.10.01056,29/10/2025,La Piazza
JV.2025.10.01236,29/10/2025,La Piazza
JV.2025.11.00679,29/11/2025,MKG
JV.2025.11.00872,29/11/2025,MKG
JV.2025.11.00807,29/11/2025,SMS
JV.2025.11.00827,29/11/2025,SMS
JV.2025.11.01034,29/11/2025,La Piazza
JV.2025.11.01008,29/11/2025,La Piazza
JV.2025.12.01414,29/12/2025,MKG
JV.2025.12.01444,29/12/2025,MKG
JV.2025.12.01474,29/12/2025,SMS
JV.2025.12.01506,29/12/2025,SMS
JV.2025.01.00883,30/01/2025,MKG
JV.2025.01.00694,30/01/2025,La Piazza
JV.2025.01.00785,30/01/2025,La Piazza
JV.2025.02.00319,30/01/2025,La Piazza
JV.2026.01.01240,30/01/2026,MKG
JV.2026.01.01159,30/01/2026,MKG
JV.2026.01.01190,30/01/2026,SMS
JV.2026.01.01385,30/01/2026,SMS
JV.2025.03.00842,30/03/2025,La Piazza
JV.2025.03.00817,30/03/2025,MKG
JV.2025.03.00809,30/03/2025,MKG
JV.2025.03.00684,30/03/2025,La Piazza
JV.2025.03.00780,30/03/2025,La Piazza
JV.2026.03.01218,30/03/2026,MKG
JV.2026.03.01217,30/03/2026,SMS
JV.2025.04.00867,30/04/2025,MKG
JV.2025.05.00160,30/04/2025,MKG
JV.2025.04.00836,30/04/2025,La Piazza
JV.2025.05.00144,30/04/2025,La Piazza
JV.2025.05.00980,30/05/2025,MKG
JV.2025.05.00963,30/05/2025,MKG
JV.2025.05.00939,30/05/2025,La Piazza
JV.2025.05.00942,30/05/2025,La Piazza
JV.2025.06.00805,30/06/2025,MKG
JV.2025.07.00046,30/06/2025,MKG
JV.2025.06.00784,30/06/2025,La Piazza
JV.2025.07.00041,30/06/2025,La Piazza
JV.2025.07.00914,30/07/2025,MKG
JV.2025.07.00918,30/07/2025,MKG
JV.2025.07.00908,30/07/2025,SMS
JV.2025.07.00912,30/07/2025,SMS
JV.2025.07.00928,30/07/2025,La Piazza
JV.2025.07.00991,30/07/2025,La Piazza
JV.2025.08.01125,30/08/2025,MKG
JV.2025.08.01127,30/08/2025,MKG
JV.2025.08.01139,30/08/2025,SMS
JV.2025.08.01141,30/08/2025,SMS
JV.2025.08.01110,30/08/2025,La Piazza
JV.2025.08.01116,30/08/2025,La Piazza
JV.2025.09.01234,30/09/2025,MKG
JV.2025.10.00311,30/09/2025,MKG
JV.2025.10.00323,30/09/2025,SMS
JV.2025.10.00322,30/09/2025,SMS
JV.2025.09.01210,30/09/2025,La Piazza
JV.2025.10.00275,30/09/2025,La Piazza
JV.2025.10.01195,30/10/2025,Gojek
JV.2025.10.01116,30/10/2025,MKG
JV.2025.10.01215,30/10/2025,MKG
JV.2025.10.01166,30/10/2025,SMS
JV.2025.10.01188,30/10/2025,SMS
JV.2025.10.01057,30/10/2025,La Piazza
JV.2025.10.01237,30/10/2025,La Piazza
JV.2025.11.01027,30/11/2025,MKG
JV.2025.12.00520,30/11/2025,MKG
JV.2025.11.00808,30/11/2025,SMS
JV.2025.12.01477,30/11/2025,SMS
JV.2025.11.01035,30/11/2025,La Piazza
JV.2026.01.01128,30/12/2025,MKG
JV.2025.12.01445,30/12/2025,MKG
JV.2025.12.01475,30/12/2025,SMS
JV.2025.12.01507,30/12/2025,SMS
JV.2025.02.00325,31/01/2025,MKG
JV.2025.01.00781,31/01/2025,La Piazza
JV.2025.01.00787,31/01/2025,La Piazza
JV.2025.02.00322,31/01/2025,La Piazza
JV.2026.01.01241,31/01/2026,MKG
JV.2026.02.00441,31/01/2026,MKG
JV.2026.01.01192,31/01/2026,SMS
JV.2026.01.01191,31/01/2026,SMS
JV.2026.02.01230,31/01/2026,SMS
JV.2025.04.00889,31/03/2025,La Piazza
JV.2025.04.00239,31/03/2025,MKG
JV.2025.04.00144,31/03/2025,MKG
JV.2025.03.00685,31/03/2025,La Piazza
JV.2025.04.00031,31/03/2025,La Piazza
JV.2026.03.01220,31/03/2026,MKG
JV.2026.03.01219,31/03/2026,SMS
JV.2025.05.00981,31/05/2025,MKG
JV.2025.06.00374,31/05/2025,MKG
JV.2025.05.00940,31/05/2025,La Piazza
JV.2025.06.00259,31/05/2025,La Piazza
JV.2025.07.00915,31/07/2025,MKG
JV.2025.08.00013,31/07/2025,MKG
JV.2025.07.00909,31/07/2025,SMS
JV.2025.07.00929,31/07/2025,La Piazza
JV.2025.08.00113,31/07/2025,La Piazza
JV.2025.08.01126,31/08/2025,MKG
JV.2025.09.00179,31/08/2025,MKG
JV.2025.08.01140,31/08/2025,SMS
JV.2025.09.00194,31/08/2025,SMS
JV.2025.08.01111,31/08/2025,La Piazza
JV.2025.09.00074,31/08/2025,La Piazza
JV.2025.11.00874,31/10/2002,MKG
JV.2025.11.00831,31/10/2025,Gojek
JV.2025.10.01117,31/10/2025,MKG
JV.2025.10.01167,31/10/2025,SMS
JV.2025.11.00842,31/10/2025,SMS
JV.2025.10.01058,31/10/2025,La Piazza
JV.2025.11.00979,31/10/2025,La Piazza
JV.2025.01.00038,31/12/2024,MKG
JV.2024.12.01062,31/12/2024,La Piazza
JV.2025.01.00012,31/12/2024,La Piazza
JV.2025.12.01415,31/12/2025,MKG
JV.2026.01.01129,31/12/2025,MKG
JV.2025.12.01476,31/12/2025,SMS