Tanggal,Toko,MASUK CASH,KREDIT BCA,DEBIT BCA,QRIS BCA,MASUK GO-BIZ,MASUK OVO
31/08/2025,SMS,,"121,327.00 ","36,904.56 ","703,058.91 ",,"59,520.00 "
01/09/2025,SMS,,"92,816.00 ","51,455.25 ","434,680.79 ",,
02/09/2025,SMS,,"42,094.00 ",,"127,307.58 ","98,840.00 ",
03/09/2025,SMS,,,"73,809.12 ","297,324.07 ",,
04/09/2025,SMS,,"137,617.00 ","163,763.99 ","406,007.91 ",,
05/09/2025,SMS,,"124,509.00 ","249,562.01 ","1,122,829.79 ",,
06/09/2025,SMS,,"155,071.00 ",,"1,308,903.10 ",,
07/09/2025,SMS,,,"179,521.65 ","1,180,840.85 ",,
08/09/2025,SMS,,"56,595.00 ",,"403,714.09 ",,
09/09/2025,SMS,,"82,629.00 ","40,020.75 ","259,202.80 ",,
10/09/2025,SMS,,,,"217,432.25 ",,
11/09/2025,SMS,,,,"82,577.88 ",,
12/09/2025,SMS,,,,"36,701.28 ",,
13/09/2025,SMS,,,"234,113.31 ","1,227,750.17 ",,
14/09/2025,SMS,,"259,205.00 ","83,471.85 ","980,612.34 ",,
15/09/2025,SMS,,,"42,670.90 ","118,579.10 ",,
16/09/2025,SMS,,,"80,385.12 ","322,556.19 ",,
17/09/2025,SMS,,,,"236,264.49 ",,
18/09/2025,SMS,,,,"138,776.72 ",,
19/09/2025,SMS,,"110,039.00 ",,"331,125.79 ",,"49,920.00 "
20/09/2025,SMS,,,"42,670.90 ","932,109.25 ",,
21/09/2025,SMS,,"152,806.00 ","47,283.97 ","1,079,157.65 ",,
22/09/2025,SMS,,,,"142,217.47 ",,
23/09/2025,SMS,,,,"274,112.69 ",,
24/09/2025,SMS,,,,"120,426.08 ",,
25/09/2025,SMS,,,"65,736.25 ","339,486.85 ",,"49,920.00 "
26/09/2025,SMS,,"118,850.00 ","79,575.46 ","472,528.99 ",,
27/09/2025,SMS,,,,"754,158.68 ",,
28/09/2025,SMS,,"81,497.00 ","160,304.19 ","1,390,800.77 ",,
29/09/2025,SMS,,,"84,978.55 ","245,439.82 ",,
30/09/2025,SMS,,,,"328,017.70 ",,
01/10/2025,SMS,,,,"231,676.83 ",,
02/10/2025,SMS,,"41,880.00 ",,"283,288.01 ",,
03/10/2025,SMS,,"35,089.00 ",,"602,135.35 ",,
04/10/2025,SMS,,"98,000.00 ",,"653,741.56 ",,
05/10/2025,SMS,,"98,689.00 ","80,041.50 ","766,412.30 ","190,040.00 ",
06/10/2025,SMS,,,,"151,392.79 ",,
07/10/2025,SMS,,,,"230,137.69 ","99,000.00 ",
08/10/2025,SMS,,,"40,364.37 ","278,700.35 ",,
09/10/2025,SMS,,,,"354,396.74 ",,"37,440.00 "
10/10/2025,SMS,,"81,682.00 ",,"281,659.49 ",,
11/10/2025,SMS,,"131,301.00 ",,"1,203,252.86 ",,
12/10/2025,SMS,,"92,816.00 ","42,670.90 ","645,713.15 ",,
13/10/2025,SMS,,"56,595.00 ",,"1,156,090.33 ",,"58,560.00 "
14/10/2025,SMS,,,,"166,302.68 ","36,440.00 ",
15/10/2025,SMS,,"41,880.00 ",,"162,861.93 ",,
16/10/2025,SMS,,,,"377,608.12 ",,
17/10/2025,SMS,,"139,224.00 ",,"924,279.45 ",,
18/10/2025,SMS,,"39,617.00 ","21,912.09 ","633,097.09 ",,
19/10/2025,SMS,,"223,233.00 ","123,492.60 ","1,002,681.76 ",,
20/10/2025,SMS,,,,"120,426.08 ",,
21/10/2025,SMS,,,,"91,753.21 ",,
22/10/2025,SMS,,,,"380,775.79 ","1,248,862.00 ",
23/10/2025,SMS,,"39,617.00 ",,"348,180.57 ","914,553.00 ",
24/10/2025,SMS,,"78,101.00 ",,"293,366.96 ","1,121,097.00 ",
25/10/2025,SMS,,"81,497.00 ","35,446.95 ","1,623,207.46 ",,
26/10/2025,SMS,,"143,752.00 ",,"707,164.95 ",,
27/10/2025,SMS,,"127,905.00 ",,"330,629.28 ","1,320,690.00 ","41,280.00 "
28/10/2025,SMS,,,,"83,724.80 ","1,250,187.00 ",
29/10/2025,SMS,,"92,816.00 ","40,364.37 ","125,013.75 ","1,316,718.00 ",
30/10/2025,SMS,,"107,800.00 ",,"261,496.63 ","953,280.00 ",
31/10/2025,SMS,,,"94,567.94 ","443,856.11 ","812,274.00 ",
01/11/2025,SMS,,,"152,481.37 ","988,794.65 ",,
02/11/2025,SMS,,,"84,978.55 ","1,343,166.56 ",,
03/11/2025,SMS,,,,"415,055.03 ",,
04/11/2025,SMS,,"76,969.00 ",,"436,686.65 ",,
05/11/2025,SMS,,"125,641.00 ",,"42,435.86 ",,
06/11/2025,SMS,,,,"246,586.73 ",,
07/11/2025,SMS,,"39,617.00 ",,"40,142.03 ",,
08/11/2025,SMS,,,,"838,941.02 ",,
09/11/2025,SMS,,"209,118.00 ",,"1,537,779.67 ",,
10/11/2025,SMS,,,,"316,548.55 ",,
11/11/2025,SMS,,,,"324,095.34 ",,
12/11/2025,SMS,,,"46,130.70 ","215,620.03 ",,
13/11/2025,SMS,,,"20,758.82 ","412,800.04 ",,
14/11/2025,SMS,,,,"44,729.69 ",,
15/11/2025,SMS,,,,"895,603.88 ",,
16/11/2025,SMS,,,"42,670.90 ","860,653.72 ",,
17/11/2025,SMS,,"56,595.00 ",,"224,795.34 ",,
18/11/2025,SMS,,,,"450,737.60 ",,
19/11/2025,SMS,,"124,510.00 ","47,283.97 ","153,686.62 ",,
20/11/2025,SMS,,,,"714,837.58 ",,
21/11/2025,SMS,,,,"402,567.18 ",,
22/11/2025,SMS,,,"40,364.37 ","1,087,548.50 ",,
23/11/2025,SMS,,"90,552.00 ","76,115.66 ","584,926.66 ",,
24/11/2025,SMS,,"98,000.00 ",,"151,392.78 ",,
25/11/2025,SMS,,,,"221,354.60 ",,
26/11/2025,SMS,,,,"259,202.79 ",,
27/11/2025,SMS,,,,"237,178.06 ",,
28/11/2025,SMS,,,"83,035.26 ","976,297.75 ",,
29/11/2025,SMS,,"46,408.00 ","152,231.31 ","996,381.17 ",,
30/11/2025,SMS,,"75,837.00 ","200,943.14 ","649,153.90 ","99,800.00 ",
01/12/2025,SMS,,,,"178,918.75 ","47,960.00 ",
02/12/2025,SMS,,"508,223.00 ",,"314,085.91 ",,
03/12/2025,SMS,,"508,223.00 ",,"303,103.32 ",,
04/12/2025,SMS,,"231,280.00 ","404,452.41 ","129,601.41 ",,
05/12/2025,SMS,,,"40,020.75 ","396,832.59 ",,
06/12/2025,SMS,,"124,510.00 ","47,283.97 ","1,061,874.48 ",,
07/12/2025,SMS,,,"94,567.94 ","1,027,635.84 ",,
08/12/2025,SMS,,"600,983.46 ",,,,"41,280.00 "
09/12/2025,SMS,,,"219,969.75 ","379,628.87 ",,
10/12/2025,SMS,,,"47,283.97 ","451,010.68 ",,
11/12/2025,SMS,,"78,101.00 ","47,283.97 ","614,806.02 ",,
12/12/2025,SMS,,,"146,464.98 ","700,765.07 ",,
13/12/2025,SMS,,"233,173.00 ","36,904.56 ","963,239.80 ",,
14/12/2025,SMS,,"44,144.00 ","57,663.38 ","1,949,263.97 ",,
15/12/2025,SMS,,"56,595.00 ","40,020.75 ","488,585.79 ",,
16/12/2025,SMS,,"83,761.00 ",,"82,577.88 ",,
17/12/2025,SMS,,,"42,307.65 ","627,953.35 ",,
18/12/2025,SMS,,"39,819.00 ",,"781,049.12 ",,
19/12/2025,SMS,,"247,680.00 ","187,468.38 ","815,248.05 ",,
20/12/2025,SMS,,,,,"32,600.00 ",
21/12/2025,SMS,,"114,726.00 ","128,012.70 ","2,175,360.15 ",,
22/12/2025,SMS,,,"130,319.23 ","677,826.77 ",,
23/12/2025,SMS,,,"217,201.80 ","350,956.00 ",,
24/12/2025,SMS,,"36,221.00 ",,"673,904.42 ",,
25/12/2025,SMS,,"105,804.00 ","121,588.59 ","1,663,026.76 ",,
26/12/2025,SMS,,"39,617.00 ","44,977.44 ","868,214.66 ",,
27/12/2025,SMS,,"168,654.00 ",,"1,181,322.46 ",,
28/12/2025,SMS,,"255,810.00 ","40,020.75 ","1,296,599.83 ",,
29/12/2025,SMS,,"90,306.00 ",,"790,224.44 ",,"100,000.00 "
30/12/2025,SMS,,"78,101.00 ","40,364.37 ","711,087.31 ",,
31/12/2025,SMS,"723,600.00 ",,,"670,945.28 ",,
01/01/2026,SMS,,"39,617.00 ","315,533.07 ","1,146,041.16 ","63,320.00 ",
02/01/2026,SMS,,"123,377.00 ",,"723,534.56 ",,
03/01/2026,SMS,,,,"1,032,059.66 ",,
04/01/2026,SMS,,"275,457.00 ","108,900.00 ","1,204,260.76 ",,
05/01/2026,SMS,,,,"169,743.43 ",,
06/01/2026,SMS,,"88,200.00 ",,"350,955.99 ",,
07/01/2026,SMS,,"78,101.00 ","82,672.02 ","506,936.44 ",,
08/01/2026,SMS,,"167,522.00 ",,"181,530.33 ",,
09/01/2026,SMS,,,,"473,948.97 ","144,760.00 ",
10/01/2026,SMS,,"210,533.00 ","319,699.73 ","1,165,265.64 ",,
11/01/2026,SMS,,"199,394.00 ","36,904.56 ","1,203,072.14 ",,
12/01/2026,SMS,,,,"481,535.49 ",,
13/01/2026,SMS,,,"85,341.80 ","488,749.65 ",,"100,000.00 "
14/01/2026,SMS,,,,"233,067.04 ",,
15/01/2026,SMS,,"88,200.00 ","89,954.87 ","225,942.26 ",,
16/01/2026,SMS,,"378,221.00 ","124,979.67 ","1,277,663.31 ",,
17/01/2026,SMS,,"222,122.00 ","40,020.75 ","862,480.09 ",,
18/01/2026,SMS,,"298,822.00 ","40,364.37 ","1,153,508.52 ",,
19/01/2026,SMS,,"58,859.00 ",,"129,601.40 ",,
20/01/2026,SMS,,,,"127,307.57 ",,
21/01/2026,SMS,,"304,634.00 ","58,816.65 ","447,569.94 ",,
22/01/2026,SMS,,,"36,904.56 ","122,719.91 ",,
23/01/2026,SMS,,,"175,126.92 ","368,159.72 ",,
24/01/2026,SMS,,"39,617.00 ","40,020.75 ","971,437.01 ","65,240.00 ",
25/01/2026,SMS,,"273,061.00 ","40,364.37 ","1,875,131.56 ",,
26/01/2026,SMS,,"158,467.00 ","375,041.22 ",,,
27/01/2026,SMS,,"56,595.00 ","40,364.37 ","176,624.92 ",,
28/01/2026,SMS,,,"40,364.37 ","367,012.80 ",,
29/01/2026,SMS,,"98,000.00 ","211,322.54 ","638,831.67 ",,
30/01/2026,SMS,,,"77,268.93 ","545,449.94 ",,
31/01/2026,SMS,,,,"1,557,103.44 ",,"110,400.00 "
01/02/2026,SMS,,"114,322.00 ","144,948.47 ","1,733,728.36 ",,
02/02/2026,SMS,,"130,080.00 ","21,912.09 ","174,331.08 ",,
03/02/2026,SMS,,,,"232,823.76 ",,
04/02/2026,SMS,,,"78,898.05 ","385,606.74 ",,
05/02/2026,SMS,,"134,696.00 ","57,663.38 ","354,396.74 ",,
06/02/2026,SMS,,"41,880.00 ","57,663.38 ","275,259.61 ",,
07/02/2026,SMS,,,,"1,598,109.38 ",,
08/02/2026,SMS,,"112,059.00 ","167,223.79 ","1,748,732.59 ",,
09/02/2026,SMS,,"98,689.00 ",,"530,192.49 ",,
10/02/2026,SMS,,,"40,364.37 ","155,980.44 ",,
11/02/2026,SMS,,,,"82,577.88 ",,
12/02/2026,SMS,,,,"399,126.43 ",,"175,800.00 "
13/02/2026,SMS,,"36,221.00 ",,"451,884.51 ",,"139,360.00 "
14/02/2026,SMS,,"92,816.00 ","208,785.31 ","1,131,737.00 ",,"35,520.00 "
15/02/2026,SMS,,"117,717.00 ","47,283.97 ","1,625,451.64 ",,
16/02/2026,SMS,,,"153,384.58 ","844,794.75 ",,
17/02/2026,SMS,,"200,561.00 ","263,735.01 ","440,415.37 ",,
18/02/2026,SMS,,,"267,214.45 ","620,272.49 ",,
19/02/2026,SMS,,"36,221.00 ",,"377,335.04 ",,
20/02/2026,SMS,,,"79,575.46 ","422,064.73 ",,
21/02/2026,SMS,,,,"780,145.49 ",,
22/02/2026,SMS,,"220,722.00 ","183,688.32 ","992,081.48 ",,
23/02/2026,SMS,,,,"405,134.08 ",,
24/02/2026,SMS,,,"42,670.90 ","128,454.48 ",,
25/02/2026,SMS,,"36,221.00 ","36,904.56 ","147,952.04 ",,
26/02/2026,SMS,,,"49,590.51 ","416,965.67 ",,
27/02/2026,SMS,,"75,838.00 ","40,364.37 ","939,338.29 ",,
28/02/2026,SMS,,"123,377.00 ",,"1,087,429.34 ","29,720.00 ",
01/03/2026,SMS,,"260,339.00 ",,"697,324.32 ",,
02/03/2026,SMS,,"56,595.00 ",,"203,003.96 ",,
03/03/2026,SMS,,,"49,590.51 ","379,628.88 ",,
04/03/2026,SMS,,"122,246.00 ","77,990.22 ",,,
05/03/2026,SMS,,,,"480,363.75 ",,
06/03/2026,SMS,,,,"534,705.68 ",,
07/03/2026,SMS,,"171,558.00 ","86,151.45 ","1,567,837.77 ",,
08/03/2026,SMS,,"118,850.00 ","125,362.55 ","1,114,319.78 ",,"100,000.00 "
09/03/2026,SMS,,,"36,904.56 ","720,262.63 ",,
10/03/2026,SMS,,,,"119,279.17 ",,
11/03/2026,SMS,,,"123,036.38 ","334,899.18 ",,
12/03/2026,SMS,,"75,837.00 ",,"225,942.26 ",,
13/03/2026,SMS,,"76,925.31 ",,"386,510.36 ",,
14/03/2026,SMS,,,"128,576.91 ","1,097,597.66 ",,
15/03/2026,SMS,,"45,276.00 ","134,441.43 ","1,099,017.65 ",,
16/03/2026,SMS,,,,"334,899.19 ",,
17/03/2026,SMS,,"39,617.00 ",,"424,358.56 ",,
18/03/2026,SMS,,"155,070.00 ","85,341.80 ","729,437.95 ",,
19/03/2026,SMS,,"59,991.00 ","123,399.63 ","939,323.40 ",,
20/03/2026,SMS,,"196,951.00 ",,"1,551,264.61 ",,
21/03/2026,SMS,,,"80,728.73 ","771,873.80 ",,
22/03/2026,SMS,,"41,880.00 ",,"1,301,991.81 ",,
23/03/2026,SMS,,"98,475.00 ",,"941,408.69 ",,
24/03/2026,SMS,,"39,819.00 ","40,020.75 ","617,040.27 ",,
25/03/2026,SMS,,,"79,575.46 ","834,050.50 ",,
26/03/2026,SMS,,,,"547,202.58 ",,
27/03/2026,SMS,,,,"330,311.53 ",,
28/03/2026,SMS,,,"175,296.66 ","1,109,066.82 ",,
29/03/2026,SMS,,,"84,615.30 ","531,021.65 ","34,520.00 ",
30/03/2026,SMS,,"41,880.00 ",,"127,307.57 ",,
31/03/2026,SMS,,,,"309,667.06 ",,
01/04/2026,SMS,,"39,617.00 ",,"438,121.54 ",,
02/04/2026,SMS,,"39,617.00 ",,"403,714.09 ",,
03/04/2026,SMS,,"81,497.00 ","79,575.46 ","1,241,205.32 ",,
04/04/2026,SMS,,"39,617.00 ","80,728.73 ","1,037,476.48 ",,
05/04/2026,SMS,,,"367,185.48 ","654,888.47 ",,
06/04/2026,SMS,,"127,400.00 ",,"157,127.36 ",,
07/04/2026,SMS,,,"48,437.24 ","121,573.00 ",,
08/04/2026,SMS,,,,"87,165.55 ",,
09/04/2026,SMS,,"31,517.00 ",,"338,339.94 ",,
10/04/2026,SMS,,,"36,904.56 ","363,572.06 ",,
11/04/2026,SMS,,"164,126.00 ","44,594.55 ","713,381.14 ",,
12/04/2026,SMS,,"120,195.00 ","119,625.66 ","667,504.53 ",,
13/04/2026,SMS,,,,,,
14/04/2026,SMS,,,,,,
15/04/2026,SMS,,,,,,